lux1,lux2,lux3,lux4,weather_condition,season,light1,light2,light3,light4,light5,light6,light7,light8,light9
202,139,462,954,0,0,84,40,9,31,16,87,15,16,95
535,965,921,750,1,1,48,65,5,48,70,48,80,47,27
960,139,481,721,0,0,69,95,61,12,61,52,90,13,8
370,958,332,794,1,1,48,53,4,29,47,73,6,62,70
206,848,876,639,0,0,2,39,69,24,61,48,7,63,79
171,388,443,808,1,1,73,27,62,84,68,65,71,96,25
800,361,648,290,0,0,4,36,55,59,18,94,86,74,98
120,315,916,414,1,1,89,64,58,58,33,62,95,76,80
714,246,652,662,0,0,60,73,62,84,98,24,81,64,86
221,435,628,760,2,2,84,54,88,27,48,3,37,33,7
566,267,955,879,2,2,89,3,58,57,79,50,53,8,1
314,191,888,661,3,3,25,98,50,19,46,10,75,76,94
430,452,918,999,1,1,71,9,49,33,90,16,14,36,56
558,670,670,857,0,0,4,46,3,4,49,65,91,29,51
187,670,282,212,1,1,14,74,47,81,88,69,49,40,57
472,915,140,269,2,2,15,13,31,59,25,72,55,44,95
199,780,650,567,1,1,0,37,50,42,55,68,94,46,92
971,880,496,777,0,0,15,11,51,56,77,83,8,6,2
763,462,803,113,1,1,36,44,98,56,13,28,7,13,7
230,656,878,814,0,0,2,16,73,74,77,84,18,47,58
761,444,593,387,2,2,51,79,33,53,24,72,50,5,1
408,792,758,288,2,2,46,34,35,80,99,91,71,33,94
869,269,432,254,2,2,94,65,69,44,3,71,97,79,61
443,455,226,666,3,3,12,74,42,85,78,94,56,99,48
591,290,657,793,2,2,79,40,15,36,31,19,67,45,19
513,766,656,821,1,1,54,66,58,83,81,26,30,58,28
905,521,100,987,3,3,20,28,52,47,77,7,2,69,16
485,799,267,570,2,2,65,17,18,53,64,84,98,7,73
291,106,719,174,1,1,53,19,97,47,60,60,82,23,21
376,232,118,376,1,1,26,13,88,5,19,27,42,66,5
260,846,431,744,1,1,37,33,94,33,73,86,28,3,61
559,656,683,442,0,0,89,48,40,62,9,69,9,95,97
413,925,555,524,3,3,57,53,80,77,87,2,11,0,30
121,860,208,670,1,1,61,30,46,47,33,68,45,33,61
352,130,367,610,0,0,45,57,93,22,60,72,29,8,11
847,634,544,956,2,2,88,41,53,83,91,6,93,62,11
956,525,339,281,1,1,10,57,54,12,26,59,81,75,62
660,493,400,557,0,0,71,81,94,46,39,3,87,9,15
574,771,701,950,1,1,7,29,18,43,64,4,31,9,24
158,462,202,932,3,3,96,24,61,31,32,10,72,49,21
610,536,349,163,3,3,70,62,98,25,67,14,46,43,90
781,769,552,938,2,2,63,18,92,52,70,63,87,47,87
575,650,619,359,1,1,20,71,58,13,8,97,62,86,75
799,181,252,292,0,0,71,91,64,51,15,12,25,5,17
882,455,958,754,2,2,62,7,67,35,4,6,2,87,44
289,357,273,715,1,1,84,94,27,7,97,5,22,23,79
786,817,442,505,2,2,63,2,17,39,22,55,74,84,67
662,688,769,825,0,0,19,66,25,85,42,63,73,94,11
975,623,530,853,2,2,7,85,18,21,88,49,49,57,48
666,394,826,820,2,2,57,80,54,15,56,29,35,63,32
343,323,788,192,2,2,45,99,56,90,50,21,12,93,85
931,624,786,529,1,1,30,16,5,59,12,24,28,55,62
604,145,951,753,0,0,92,13,0,59,23,27,37,97,17
230,766,949,533,3,3,8,8,7,9,10,83,76,81,53
584,212,757,503,1,1,14,61,96,24,51,38,89,11,96
918,332,423,533,3,3,93,93,50,30,16,66,83,34,26
746,116,772,211,3,3,25,20,84,20,36,4,4,70,82
120,459,738,474,1,1,9,75,87,90,12,64,19,88,77
940,322,519,158,1,1,28,36,24,80,61,14,77,5,24
266,965,693,142,0,0,79,95,46,32,90,89,13,64,33
373,799,584,306,0,0,35,10,54,30,83,66,7,79,87
487,547,758,879,2,2,83,19,63,89,96,39,47,59,59
700,955,850,395,3,3,36,34,82,20,95,97,12,67,53
415,464,511,217,0,0,85,52,92,35,7,68,23,28,86
113,774,183,631,2,2,70,46,9,64,55,94,78,37,4
341,425,212,321,0,0,22,74,55,3,92,76,64,91,35
876,566,836,265,1,1,40,51,11,67,82,42,85,21,53
445,513,431,742,0,0,92,7,32,89,69,0,33,7,87
664,554,477,255,3,3,79,3,70,3,43,21,50,62,35
997,685,854,283,0,0,27,26,16,8,59,61,2,95,68
439,332,754,189,3,3,47,43,60,29,40,78,89,96,38
191,323,140,193,1,1,37,39,9,44,20,25,77,12,69
466,930,869,112,3,3,30,46,30,3,85,17,57,26,99
554,511,896,933,0,0,13,93,59,68,41,47,71,17,3
527,671,204,904,2,2,96,43,69,22,73,8,54,17,73
608,434,301,841,1,1,72,47,16,15,73,0,79,76,64
875,321,549,933,0,0,90,90,49,21,28,8,41,85,84
134,136,918,903,1,1,87,84,36,71,79,22,20,61,39
305,377,942,537,1,1,76,51,81,47,64,44,9,13,36
180,295,365,637,0,0,89,83,61,61,16,1,56,10,66
661,963,309,686,0,0,28,67,89,96,29,13,24,85,30
971,583,662,975,2,2,50,10,79,59,25,37,55,99,90
487,341,217,910,1,1,48,76,71,79,52,39,37,16,80
101,423,812,249,1,1,42,72,87,4,18,62,85,50,86
489,830,476,759,0,0,91,3,76,79,52,81,60,95,76
665,291,650,107,3,3,91,75,28,6,84,15,46,13,46
205,116,639,128,0,0,71,72,31,50,16,92,53,56,26
871,623,870,395,1,1,86,76,87,64,45,74,45,92,50
921,500,183,820,0,0,92,47,79,8,84,5,67,5,19
576,985,553,739,2,2,4,25,10,81,52,2,3,56,12
802,804,766,439,3,3,41,76,95,44,63,13,93,3,62
501,121,728,727,0,0,6,38,5,46,44,65,65,10,43
829,573,613,538,2,2,41,91,34,66,48,95,92,73,23
655,219,704,243,1,1,35,57,32,23,18,94,42,91,2
261,309,777,929,0,0,26,18,17,91,70,74,61,10,9
301,405,486,846,1,1,57,87,36,9,80,85,99,98,64
369,369,449,618,2,2,45,82,12,72,64,66,84,78,48
962,803,395,144,1,1,65,76,73,76,36,30,84,7,57
915,786,357,338,2,2,24,76,89,47,69,32,84,83,76
370,384,180,254,2,2,72,57,80,34,25,87,3,58,77
555,815,367,280,2,2,26,27,63,53,1,0,64,20,96
561,775,518,314,0,0,0,65,0,86,58,43,61,64,1
826,862,334,187,1,1,86,9,62,80,95,14,89,92,65
351,326,932,355,1,1,73,85,88,70,4,36,1,23,30
801,480,410,610,3,3,41,76,33,15,36,26,8,29,67
395,559,912,172,3,3,51,57,9,52,30,47,56,98,97
824,106,456,278,3,3,24,72,83,39,75,26,44,96,82
819,128,312,311,3,3,53,96,6,99,98,11,17,83,36
848,132,673,904,1,1,66,13,55,19,93,66,47,56,72
437,745,148,333,2,2,5,83,79,87,47,29,41,79,23
978,978,226,564,2,2,57,14,36,68,5,95,40,72,76
152,178,322,850,0,0,69,95,28,44,14,86,74,94,43
891,558,378,322,2,2,52,32,11,5,14,65,88,16,93
316,669,507,730,1,1,65,16,16,91,60,6,89,58,82
863,637,604,924,1,1,57,23,47,68,15,33,57,30,40
287,581,393,363,1,1,81,29,83,48,19,31,99,63,73
479,529,895,306,0,0,86,61,25,38,76,38,41,47,50
592,837,376,706,3,3,1,12,82,1,43,95,34,22,41
140,384,537,984,2,2,75,61,11,38,41,42,37,69,77
256,615,206,833,1,1,21,46,20,20,45,42,66,29,39
114,198,757,465,1,1,36,15,41,39,94,77,40,54,47
912,496,519,375,3,3,19,65,60,81,33,2,98,6,83
164,588,710,479,1,1,23,80,57,53,63,45,49,74,3
956,138,528,842,2,2,83,95,53,11,28,31,85,97,59
938,370,474,408,0,0,64,42,33,80,2,42,71,11,38
620,986,172,730,1,1,64,7,6,36,8,99,78,59,4
443,896,733,367,2,2,80,2,34,37,74,80,44,51,95
228,256,129,884,1,1,0,11,14,14,74,2,70,26,5
747,174,287,163,3,3,93,83,64,6,24,73,18,11,13
571,983,463,909,1,1,2,15,89,77,85,62,16,12,69
162,899,965,449,1,1,45,77,98,49,41,39,64,71,77
238,229,899,593,0,0,54,79,24,64,45,17,92,79,11
598,786,550,622,3,3,74,58,58,66,72,66,76,61,61
692,183,294,197,3,3,87,48,78,43,83,61,55,28,26
491,121,255,170,0,0,85,62,85,30,58,9,92,34,53
774,558,271,463,1,1,63,61,5,42,20,51,40,59,89
518,638,946,669,2,2,44,48,51,76,73,72,41,28,11
388,806,140,901,3,3,25,50,78,47,21,45,5,30,7
478,948,162,862,3,3,76,32,87,81,28,54,68,76,73
872,481,122,375,1,1,64,29,20,80,62,45,97,75,15
589,847,459,149,1,1,23,58,70,80,72,74,74,60,51
330,539,174,457,3,3,73,75,92,60,60,59,72,1,25
140,703,659,827,1,1,34,14,95,74,63,96,39,32,7
127,120,771,663,2,2,23,81,31,83,68,99,40,71,44
234,402,924,882,3,3,27,91,52,9,39,25,8,61,92
300,968,217,584,2,2,99,22,58,28,74,26,7,58,83
939,183,711,183,2,2,79,77,68,47,0,37,43,39,80
879,873,479,998,1,1,15,93,61,97,64,21,57,48,18
132,758,778,904,2,2,58,96,3,80,61,25,66,31,16
147,552,389,737,1,1,80,44,85,61,53,85,12,37,64
602,486,539,907,0,0,53,61,17,12,59,68,18,91,28
506,606,767,683,1,1,78,78,98,43,45,34,97,78,13
673,356,106,395,2,2,15,70,80,46,4,65,95,86,16
827,669,295,335,0,0,14,14,55,63,21,98,48,87,12
904,991,520,155,1,1,97,45,23,90,89,72,79,12,92
198,626,667,459,2,2,10,63,65,52,52,50,99,84,97
783,261,932,209,3,3,64,45,12,89,69,17,81,53,90
971,262,292,291,3,3,78,55,61,91,31,42,77,75,62
825,931,658,192,1,1,89,43,53,76,10,11,29,12,32
646,892,247,961,1,1,67,74,14,75,9,2,65,38,28
838,891,886,667,3,3,42,28,68,43,38,81,76,22,36
712,623,768,159,2,2,68,94,2,27,97,6,90,91,82
561,885,301,749,2,2,98,61,36,1,30,96,58,13,45
742,370,543,138,2,2,12,88,36,56,11,5,52,16,23
868,591,518,639,1,1,9,51,2,56,79,81,51,23,13
104,307,526,148,0,0,74,53,62,33,37,44,80,57,4
317,638,578,519,0,0,81,87,34,86,66,85,30,62,52
602,683,574,736,0,0,97,56,51,57,65,38,14,33,87
866,159,225,112,0,0,40,82,86,51,51,50,19,50,97
497,529,494,135,0,0,49,65,27,28,4,8,4,85,94
970,756,916,200,1,1,86,21,93,34,10,98,6,9,29
894,704,980,893,1,1,70,19,17,74,24,22,17,71,59
492,408,905,185,0,0,58,32,35,47,34,11,55,20,72
306,619,675,615,1,1,38,71,32,32,34,87,74,36,90
114,690,424,322,1,1,2,24,63,74,21,61,95,6,27
957,126,491,437,0,0,75,45,25,72,36,72,90,89,25
653,785,787,265,2,2,6,72,47,77,85,76,89,12,17
991,661,727,482,1,1,48,97,39,8,54,39,44,79,35
560,298,539,955,2,2,25,56,16,47,74,53,27,29,7
790,486,303,994,1,1,32,86,39,66,95,80,49,30,17
674,448,585,475,1,1,47,4,6,92,98,6,1,4,83
963,792,932,570,0,0,78,54,56,82,94,16,83,31,57
842,635,130,889,1,1,1,60,7,35,71,49,67,15,31
340,927,487,741,3,3,70,88,55,95,63,23,76,72,92
663,477,724,130,3,3,31,7,30,70,19,1,23,21,48
195,998,976,474,0,0,3,15,58,91,97,98,47,63,47
999,657,533,110,2,2,19,47,57,43,3,91,44,43,81
833,626,936,401,2,2,35,60,11,81,17,82,92,39,70
584,252,475,195,2,2,31,14,47,59,50,32,57,36,64
506,833,443,289,3,3,27,64,30,62,67,20,35,77,91
330,305,542,552,2,2,76,21,82,4,19,73,1,15,32
848,554,678,291,2,2,0,2,62,86,8,52,17,42,49
754,372,174,585,0,0,59,53,73,85,79,45,48,83,3
270,993,656,365,2,2,55,13,38,89,25,44,7,62,83
640,335,871,523,3,3,34,35,75,75,24,8,57,14,35
135,951,765,227,3,3,29,81,19,39,67,5,14,43,94
624,839,254,337,3,3,53,81,47,18,40,50,16,89,27
259,620,529,454,0,0,35,66,70,46,58,34,22,8,2
938,777,462,211,0,0,54,9,53,64,44,81,65,64,5
798,930,547,927,1,1,88,48,77,66,40,52,69,98,44
342,825,333,545,2,2,79,64,74,90,37,18,92,43,22
185,600,662,442,0,0,57,90,70,17,18,68,26,19,6
895,216,917,244,3,3,82,56,28,49,13,24,36,69,60
677,485,361,164,3,3,64,26,73,29,20,10,48,73,99
781,443,926,346,0,0,68,74,92,65,14,73,63,32,64
656,683,224,834,0,0,50,4,72,4,2,16,33,79,5
673,494,344,589,0,0,21,70,99,92,36,35,17,99,23
745,163,641,924,1,1,87,82,47,96,45,89,63,5,36
895,816,584,538,3,3,52,56,73,41,15,94,73,82,44
127,820,221,205,1,1,99,92,82,83,13,95,43,30,50
719,171,224,280,1,1,35,14,55,93,8,20,16,65,99
655,888,648,283,2,2,67,98,94,4,6,17,58,17,87
439,373,269,325,3,3,35,75,16,49,13,59,12,27,44
897,419,223,876,3,3,51,29,8,84,5,17,51,67,62
430,437,968,889,0,0,52,19,96,57,84,0,59,64,28
739,465,134,188,0,0,81,36,33,78,14,13,41,79,95
605,594,186,787,2,2,49,2,44,83,51,7,90,44,24
447,706,745,629,1,1,79,72,87,7,71,65,63,57,9
572,265,807,470,0,0,40,40,8,30,33,50,65,46,34
330,643,885,498,0,0,17,38,6,11,0,78,33,65,54
289,110,300,205,3,3,21,25,15,20,95,59,94,51,24
324,400,468,370,3,3,65,1,18,93,68,33,86,35,90
484,828,896,930,0,0,20,22,5,61,93,35,70,0,44
476,900,176,602,3,3,99,22,10,90,85,61,63,38,95
382,201,158,778,2,2,43,84,75,89,19,0,32,86,11
732,524,530,624,0,0,46,15,60,32,79,84,11,89,3
727,491,737,948,3,3,38,8,41,25,6,41,75,74,89
844,878,599,131,2,2,28,12,12,89,6,0,18,0,66
358,313,208,492,3,3,53,27,11,99,49,95,8,74,16
458,790,835,139,3,3,89,26,84,39,1,83,73,87,72
809,187,377,759,3,3,84,50,73,64,46,53,16,73,92
555,652,167,317,0,0,16,63,19,58,13,46,49,13,64
510,500,168,830,1,1,79,51,49,14,30,99,38,77,81
748,687,264,181,3,3,59,80,35,0,49,38,40,70,52
417,988,588,944,2,2,30,37,91,10,60,29,9,22,83
776,145,404,819,0,0,72,99,87,54,40,6,11,42,56
324,771,773,300,0,0,94,64,68,1,13,21,78,21,97
918,562,464,546,2,2,77,17,36,64,4,49,94,59,27
333,691,953,943,3,3,48,62,11,94,74,44,14,99,98
783,409,920,527,1,1,1,50,98,43,4,73,27,26,15
763,185,478,137,3,3,47,8,39,15,63,71,3,55,20
926,191,442,310,2,2,13,12,53,21,28,90,35,1,76
473,759,998,543,0,0,58,39,1,17,74,9,64,38,98
771,772,653,426,1,1,96,54,49,46,4,13,97,50,41
707,813,453,860,0,0,98,78,40,80,95,45,46,18,53
571,341,515,326,2,2,57,42,44,29,35,74,80,61,31
332,964,208,147,3,3,57,43,8,9,78,5,38,70,37
791,101,662,117,1,1,50,67,61,98,18,20,37,75,69
212,324,861,538,0,0,83,32,85,57,63,61,43,66,37
929,900,596,906,0,0,1,23,46,61,21,96,50,62,53
596,844,440,807,0,0,40,35,4,84,33,18,96,4,59
541,688,482,286,3,3,82,9,75,79,55,87,84,71,76
663,215,632,444,1,1,81,99,0,5,16,81,25,77,76
367,765,399,323,3,3,15,19,43,66,75,98,35,60,46
609,202,238,929,3,3,3,74,21,40,88,61,68,99,11
906,293,458,587,3,3,11,11,37,42,55,82,96,70,52
485,265,935,976,2,2,28,61,18,84,16,52,0,6,32
486,970,598,948,2,2,6,17,79,76,73,23,52,49,27
212,189,484,328,2,2,13,93,30,17,91,55,5,45,2
712,785,703,489,1,1,11,62,66,57,81,61,36,95,81
724,221,379,688,3,3,98,83,86,59,17,33,1,71,25
180,242,736,287,3,3,4,24,41,87,44,21,68,75,53
798,205,582,957,2,2,80,11,81,26,95,67,89,73,39
212,986,210,369,3,3,31,20,25,67,77,56,40,13,65
101,527,965,706,3,3,73,24,12,21,55,9,50,72,67
741,404,238,409,0,0,42,10,57,23,79,65,46,93,91
319,971,534,231,3,3,80,63,17,39,49,7,12,68,91
665,416,608,650,0,0,68,72,66,73,57,96,75,64,88
954,734,372,171,3,3,44,49,86,65,17,37,68,64,89
835,108,198,892,1,1,8,61,2,39,79,61,65,56,46
324,873,863,944,2,2,48,88,54,5,80,27,58,61,1
484,172,949,771,0,0,32,98,88,17,6,9,67,19,41
502,458,203,286,2,2,99,95,90,80,75,44,58,74,33
737,322,313,585,0,0,99,48,57,86,97,64,90,25,93
229,515,860,290,0,0,17,13,62,29,9,97,9,43,20
152,652,763,521,0,0,8,0,90,20,68,66,12,66,43
783,469,861,219,1,1,61,80,51,61,84,8,1,69,86
829,815,886,319,3,3,56,24,88,9,2,4,89,61,96
771,363,264,152,0,0,28,58,23,12,82,9,14,44,1
809,939,952,833,1,1,77,71,71,75,43,11,45,10,90
515,789,619,550,0,0,24,68,8,8,98,81,56,71,58
346,959,383,511,3,3,14,4,36,67,69,57,9,92,85
935,417,616,742,0,0,5,98,93,38,13,20,21,73,97
538,183,756,336,1,1,41,18,82,23,3,20,88,33,15
302,417,712,857,3,3,28,22,52,33,17,64,78,87,19
283,210,263,837,1,1,78,8,79,60,92,2,76,45,25
222,350,985,819,3,3,92,93,23,40,98,68,7,80,15
500,482,758,505,3,3,3,49,20,4,51,88,20,31,69
866,106,163,707,2,2,81,15,99,78,37,63,84,74,22
393,558,190,521,2,2,56,32,39,49,79,48,21,97,41
379,183,216,811,2,2,48,1,61,3,19,71,96,87,36
936,307,965,346,3,3,43,13,69,50,87,16,44,4,71
983,999,366,171,0,0,79,0,68,51,98,72,90,62,5
709,489,921,929,1,1,74,89,13,38,43,31,39,28,36
297,413,784,284,1,1,13,57,41,7,50,69,21,47,21
610,121,658,105,1,1,2,88,49,44,18,20,29,97,5
851,509,239,305,2,2,61,15,60,87,67,6,61,15,31
243,994,345,643,3,3,63,78,3,27,96,6,72,24,16
708,614,760,710,2,2,44,89,71,26,65,26,44,71,37
300,226,857,486,0,0,81,46,87,64,12,7,34,28,16
223,908,494,867,3,3,57,43,74,33,61,72,81,51,36
286,799,586,798,1,1,19,79,16,80,60,27,41,45,22
425,973,575,175,2,2,57,13,84,61,29,78,4,24,48
563,113,616,276,2,2,88,92,56,61,97,65,26,22,60
448,111,283,926,0,0,56,23,89,37,29,70,69,33,48
870,186,119,898,0,0,76,54,47,25,50,46,61,66,60
759,623,657,448,2,2,67,14,43,23,87,81,31,93,76
863,636,623,354,0,0,77,82,44,38,47,85,7,33,31
502,400,681,936,1,1,96,71,90,20,32,9,84,31,85
445,342,628,801,0,0,91,33,79,93,73,32,17,28,62
610,221,982,407,0,0,51,1,89,46,81,6,77,8,6
246,246,246,444,2,2,36,26,32,47,18,2,14,65,21
247,666,765,226,2,2,7,73,30,12,70,13,25,56,84
963,849,403,386,3,3,43,98,46,2,56,43,52,38,5
810,455,719,865,3,3,97,86,5,31,18,45,43,6,60
919,784,847,824,2,2,4,71,71,34,87,60,31,68,13
588,832,919,861,0,0,68,91,70,18,78,35,27,7,15
739,730,963,695,0,0,30,22,33,13,40,12,38,95,2
650,408,681,586,3,3,44,67,52,47,41,15,31,17,8
437,794,794,482,3,3,8,13,13,85,86,79,76,81,46
971,387,861,505,3,3,31,62,15,80,51,4,78,48,84
740,406,327,487,1,1,32,92,42,67,3,88,17,15,93
878,911,201,624,1,1,66,64,72,44,3,37,69,20,93
572,693,686,656,3,3,29,67,73,18,4,49,10,9,41
250,822,516,738,0,0,75,62,80,63,40,37,31,3,41
514,761,315,725,3,3,28,95,11,65,86,55,19,43,95
397,648,506,375,1,1,2,96,69,78,60,62,96,7,22
710,451,498,599,0,0,89,89,18,65,74,47,39,54,2
362,411,814,816,1,1,56,80,40,74,54,89,7,18,0
863,972,803,436,0,0,29,86,52,44,74,58,34,63,66
243,158,860,580,1,1,8,63,28,86,12,76,68,39,70
445,742,598,996,0,0,25,31,69,73,13,43,98,50,2
723,813,853,372,0,0,1,78,58,66,59,89,77,8,99
671,854,564,157,0,0,61,12,88,68,71,54,20,29,48
980,134,790,427,0,0,2,65,63,2,24,54,23,55,66
101,544,830,830,2,2,45,18,23,37,81,0,16,80,54
996,192,181,208,1,1,67,23,88,76,43,7,17,43,3
403,306,703,378,1,1,24,87,15,41,81,3,97,58,30
353,452,786,785,2,2,50,10,51,82,9,84,11,14,65
751,431,850,427,0,0,12,58,79,39,70,85,15,67,77
552,916,871,875,0,0,43,85,5,49,49,52,3,69,63
136,961,464,414,1,1,34,14,36,34,43,57,88,60,30
259,824,262,573,2,2,54,9,84,23,13,36,33,79,62
108,258,147,210,0,0,86,40,3,87,14,48,91,89,65
332,123,610,798,0,0,8,26,97,16,15,66,45,22,30
198,503,428,880,0,0,1,59,91,39,1,18,74,76,46
758,904,939,328,3,3,60,72,37,73,29,0,76,46,21
915,615,215,596,2,2,40,51,40,65,29,28,30,16,73
307,831,948,255,0,0,43,27,91,43,81,86,24,56,93
230,463,436,572,3,3,63,64,80,22,30,32,73,53,96
503,481,980,800,2,2,30,16,13,5,76,51,23,90,82
251,631,836,371,0,0,46,94,70,65,19,40,64,51,45
153,251,963,986,1,1,1,43,85,20,48,22,24,21,88
219,661,939,101,3,3,95,9,50,34,34,4,27,82,57
772,788,246,857,3,3,81,62,64,28,22,70,35,38,60
727,707,674,821,0,0,76,92,92,6,96,56,81,98,45
686,716,905,610,0,0,68,81,51,92,98,5,5,12,0
724,519,422,385,3,3,57,46,94,52,99,48,65,77,95
519,349,542,970,1,1,43,37,29,36,60,21,66,94,24
521,216,936,112,1,1,73,69,56,22,83,76,71,65,60
203,965,112,707,2,2,55,75,78,96,54,75,94,51,80
951,611,593,597,0,0,42,52,81,7,66,3,47,13,13
353,839,800,832,1,1,88,77,98,75,7,71,82,72,44
326,677,386,337,2,2,33,43,29,47,39,63,69,73,76
211,434,819,193,1,1,29,73,97,9,58,36,77,62,38
609,517,213,437,0,0,70,53,41,78,31,30,66,70,65
572,873,579,880,2,2,69,19,10,23,92,36,47,27,31
198,394,121,270,2,2,54,78,26,89,6,44,64,88,95
252,854,448,705,2,2,66,30,23,46,1,89,43,45,57
960,470,825,760,1,1,12,6,98,52,84,7,93,27,55
995,285,782,723,0,0,2,57,38,38,5,39,62,1,5
977,345,934,666,2,2,25,9,71,66,91,96,45,16,88
437,736,665,948,3,3,56,9,17,65,35,92,18,58,66
805,367,909,566,0,0,23,38,76,5,31,4,63,51,81
921,742,419,727,3,3,52,27,44,20,44,27,82,3,49
262,336,225,242,3,3,69,29,87,72,41,80,72,76,37
819,629,376,300,2,2,42,36,86,73,52,86,70,81,2
780,651,303,279,2,2,59,66,11,35,8,8,49,2,4
260,120,293,813,1,1,57,42,48,2,74,1,62,36,23
679,836,780,463,1,1,48,78,93,87,86,62,40,96,53
900,966,763,578,1,1,41,84,30,85,74,95,6,23,33
497,893,646,664,0,0,75,51,91,77,48,50,8,71,38
376,619,795,570,1,1,99,55,21,41,1,30,3,34,87
915,199,385,483,3,3,65,75,43,44,66,6,88,1,99
603,851,156,791,1,1,10,67,91,43,10,29,48,32,91
995,577,833,516,2,2,97,8,63,90,49,57,75,75,47
491,698,402,924,1,1,89,91,76,32,34,2,5,85,48
234,397,262,407,0,0,17,22,24,59,14,50,81,76,33
294,625,118,748,0,0,84,62,50,85,74,55,20,9,79
500,433,469,793,3,3,99,60,6,92,30,72,14,80,99
739,101,363,466,0,0,51,39,5,82,91,9,66,61,6
132,474,893,100,1,1,45,43,23,82,61,60,65,42,17
787,392,212,143,2,2,43,85,18,69,27,49,55,68,69
559,936,587,838,0,0,21,23,82,82,95,46,67,58,91
982,652,426,942,3,3,52,50,99,76,24,89,31,8,33
569,417,641,197,1,1,58,57,8,25,83,0,65,76,50
474,601,746,819,3,3,93,89,35,85,91,93,28,59,92
121,927,678,364,0,0,29,93,39,20,24,56,65,62,67
849,480,164,899,0,0,7,32,92,99,74,37,33,51,13
769,722,391,882,3,3,97,15,23,1,82,61,26,22,68
137,113,124,239,1,1,56,21,47,46,91,78,59,29,88
329,603,648,580,0,0,72,56,62,29,0,88,38,42,7
464,330,100,336,2,2,19,61,68,26,58,69,43,67,14
662,183,648,171,0,0,24,81,52,70,68,81,81,20,82
537,229,240,766,1,1,18,70,53,19,73,64,35,42,58
875,842,843,289,0,0,4,89,41,49,41,61,18,72,10
382,937,747,367,3,3,74,71,44,94,33,55,90,6,19
126,244,287,420,0,0,78,69,89,22,99,66,44,15,54
325,990,227,206,0,0,71,29,13,12,65,16,83,22,35
376,956,300,331,1,1,82,22,28,80,17,7,20,57,81
897,127,226,141,3,3,86,31,5,3,76,59,22,86,13
708,165,356,801,1,1,26,85,6,13,4,39,93,30,57
383,262,775,982,0,0,39,56,36,19,19,80,88,68,37
978,328,646,238,2,2,95,8,52,12,65,88,94,5,88
580,360,293,714,0,0,25,30,17,2,74,61,26,64,79
552,548,802,782,1,1,26,70,86,89,61,40,97,58,81
928,523,203,962,2,2,61,8,37,89,93,11,71,27,0
915,559,634,372,1,1,82,12,58,81,95,92,18,17,64
758,775,364,580,1,1,49,57,0,95,31,88,40,87,0
615,400,901,515,3,3,41,2,67,77,57,99,25,76,84
646,402,483,605,2,2,28,34,43,46,49,53,27,96,59
291,386,359,832,0,0,38,96,46,2,37,88,63,9,24
148,494,513,824,1,1,59,20,34,0,54,92,67,6,90
611,109,457,952,0,0,40,63,86,89,27,10,94,36,9
116,806,174,523,3,3,32,94,90,23,73,59,79,95,49
271,729,454,506,3,3,82,51,59,34,85,67,50,44,11
319,369,683,667,2,2,82,33,89,13,80,77,73,85,91
257,691,870,489,3,3,96,95,51,66,21,45,47,15,31
576,704,287,441,3,3,15,34,7,12,42,37,9,87,32
145,877,784,713,0,0,22,14,79,46,82,60,72,13,71
472,943,389,592,3,3,6,95,40,49,80,16,38,10,25
617,961,144,291,3,3,25,5,2,77,87,65,99,82,41
198,460,672,598,1,1,95,84,95,84,35,71,99,86,49
991,356,182,921,3,3,11,96,68,25,95,35,18,33,60
844,232,222,811,1,1,71,31,83,2,51,73,63,59,40
136,375,457,332,3,3,4,51,13,50,35,6,18,12,56
379,875,627,326,3,3,91,82,95,39,27,99,75,38,1
448,782,165,470,2,2,68,96,25,67,77,15,61,43,98
596,612,756,238,2,2,48,27,69,35,57,13,12,27,97
401,412,474,955,1,1,25,94,57,50,35,79,24,39,69
280,675,261,916,3,3,4,84,99,0,69,24,99,15,30
706,985,845,248,0,0,21,97,39,32,8,3,88,49,22
198,383,479,214,2,2,78,63,50,6,20,28,91,27,75
799,220,755,549,0,0,12,78,4,51,63,55,41,67,53
215,206,457,162,2,2,27,77,76,10,75,5,38,91,27
290,786,287,203,2,2,32,18,31,26,60,0,29,59,78
352,303,421,950,3,3,22,14,79,13,93,38,4,11,18
260,264,549,970,2,2,96,5,0,85,94,0,80,15,75
355,404,573,767,0,0,17,72,76,79,39,62,17,52,47
422,596,112,372,2,2,29,83,53,45,55,56,20,53,1
227,731,283,105,1,1,25,97,10,75,3,66,85,48,10
117,655,210,246,3,3,15,37,52,9,30,64,49,35,43
892,923,607,283,3,3,76,25,7,23,26,64,5,61,58
834,255,389,127,1,1,38,81,24,60,57,20,49,83,58
665,466,394,649,1,1,32,91,39,17,24,29,79,25,37
669,818,550,218,1,1,25,50,31,85,68,95,65,55,24
422,719,314,392,2,2,47,72,87,8,69,32,0,89,20
971,350,731,470,3,3,64,95,27,16,4,47,56,21,41
785,981,993,343,1,1,37,52,77,57,90,21,29,72,35
891,433,666,679,2,2,1,55,2,12,7,93,57,68,8
725,741,126,825,1,1,5,58,99,49,8,53,51,80,11
387,610,729,317,0,0,45,69,90,5,14,3,36,48,9
953,392,832,276,0,0,49,77,83,84,99,86,47,97,58
762,119,330,398,3,3,37,91,78,50,6,54,86,1,4
738,381,664,775,2,2,87,57,61,35,95,43,0,52,32
254,896,906,157,0,0,17,87,26,70,71,88,18,6,68
589,100,420,368,0,0,26,12,44,99,14,11,45,99,79
485,218,332,407,2,2,40,42,91,24,36,80,66,76,62
884,134,769,669,1,1,71,75,24,10,82,78,1,19,28
203,297,536,387,2,2,91,50,60,43,38,73,55,93,17
492,584,880,204,1,1,73,18,43,13,5,98,16,29,92
910,856,632,327,0,0,16,20,96,28,82,51,91,74,5
345,158,502,346,0,0,61,90,45,73,56,92,81,94,52
275,936,152,799,0,0,28,82,13,49,91,75,96,66,81
138,260,886,593,3,3,57,23,7,4,80,64,78,58,31
576,790,412,182,3,3,69,25,47,71,18,64,21,65,41
781,305,380,285,3,3,77,44,13,68,62,9,26,2,46
858,111,825,351,2,2,21,27,64,87,30,17,54,55,30
637,589,130,454,0,0,5,81,79,56,74,46,31,78,61
966,375,436,849,0,0,25,99,81,25,78,65,59,16,55
917,792,282,971,2,2,38,28,6,5,9,48,82,51,10
507,341,122,795,3,3,11,16,78,15,86,71,27,6,25
624,315,643,895,2,2,98,67,87,59,66,21,27,4,91
927,350,545,996,3,3,13,43,48,99,61,85,73,97,26
605,910,173,309,0,0,21,60,54,11,2,25,83,96,82
924,225,109,915,1,1,50,92,12,74,17,89,24,53,56
135,316,583,907,3,3,22,67,72,2,24,8,84,60,26
784,405,555,708,0,0,47,73,55,62,19,20,77,15,58
119,896,665,546,0,0,70,24,55,63,57,94,85,66,61
420,284,663,559,1,1,49,94,14,61,92,62,25,58,19
875,138,759,571,0,0,88,66,56,5,85,5,74,46,2
611,322,259,819,0,0,12,1,57,18,49,13,70,47,15
499,283,981,469,3,3,84,88,34,17,78,32,16,63,43
753,594,113,999,3,3,9,48,87,79,9,70,81,49,92
982,526,277,591,1,1,54,69,96,86,20,23,6,84,78
570,277,511,236,1,1,8,25,15,42,28,72,55,40,29
242,527,977,466,0,0,78,71,7,72,95,74,63,71,39
191,393,152,283,3,3,51,98,92,2,9,86,19,21,64
453,951,507,687,1,1,1,26,86,71,12,50,37,53,28
933,250,946,386,1,1,24,88,44,37,46,1,74,4,29
899,483,121,571,2,2,12,17,94,67,22,14,57,16,31
826,737,129,474,1,1,97,53,39,75,49,34,15,77,9
953,912,802,753,0,0,50,0,53,43,86,35,50,40,90
150,407,359,848,3,3,57,60,13,94,94,91,26,91,50
764,435,304,636,1,1,33,2,58,88,3,38,50,94,7
797,845,158,610,2,2,34,67,93,79,66,3,74,80,50
674,991,570,901,3,3,2,40,52,62,84,63,15,34,35
289,474,875,678,1,1,58,36,26,41,52,73,86,39,54
224,107,565,349,2,2,69,50,46,63,1,5,59,21,34
249,440,111,609,1,1,47,14,79,53,67,56,75,47,35
413,228,730,729,3,3,63,7,5,77,64,29,39,52,55
669,875,389,172,3,3,18,37,54,76,78,98,66,92,35
441,768,949,381,3,3,66,82,96,70,56,73,1,9,88
404,451,859,459,0,0,81,55,43,75,96,95,47,17,83
791,457,453,109,1,1,72,46,17,36,69,66,51,98,60
781,616,738,310,0,0,75,89,15,3,6,89,23,79,61
937,594,174,934,3,3,4,9,11,1,18,14,92,48,80
882,185,972,251,2,2,66,77,19,98,43,16,97,70,86
153,274,815,104,1,1,10,48,44,43,62,90,83,29,24
543,901,660,294,0,0,93,40,63,66,64,17,81,18,63
712,292,690,382,1,1,67,82,58,67,38,18,77,54,59
363,410,540,563,2,2,68,29,92,75,82,75,81,59,56
152,218,340,212,0,0,0,4,93,82,25,87,1,86,94
671,317,960,370,3,3,90,94,89,73,43,68,64,71,69
719,526,253,262,0,0,91,70,21,61,11,23,19,80,98
104,513,885,559,1,1,62,82,96,0,21,90,33,20,51
202,213,195,204,1,1,28,30,46,16,76,47,40,25,55
295,244,825,792,1,1,81,51,28,15,91,29,40,27,62
873,637,393,655,1,1,11,87,85,8,13,14,74,38,67
976,747,308,381,3,3,76,97,44,52,85,46,90,32,19
983,402,442,786,0,0,40,22,76,72,29,43,22,39,53
449,843,187,261,3,3,1,47,8,58,43,97,37,82,0
146,980,917,450,3,3,36,39,23,8,83,26,43,28,89
966,687,875,533,3,3,44,5,14,11,90,83,66,19,97
922,939,489,951,1,1,79,37,35,40,37,63,61,19,9
919,444,424,239,1,1,47,40,12,14,58,40,11,73,22
755,913,988,570,1,1,23,99,90,65,41,95,29,11,50
368,900,931,231,0,0,98,26,43,74,51,67,94,96,23
469,100,256,186,2,2,21,74,70,10,62,4,86,24,12
735,246,767,787,1,1,99,68,71,7,60,52,64,24,28
205,386,750,282,0,0,10,56,77,54,33,7,40,3,57
769,753,732,467,1,1,57,16,75,95,38,21,19,3,90
758,152,676,228,1,1,45,70,35,5,40,6,5,8,94
756,403,718,345,3,3,28,90,60,52,36,21,74,14,42
219,168,758,700,3,3,34,46,80,19,64,45,98,25,9
930,460,236,677,3,3,14,78,39,38,78,29,3,78,30
886,701,773,769,0,0,59,12,92,98,31,15,92,89,73
703,319,527,998,2,2,94,10,26,71,7,78,9,91,87
157,803,551,477,2,2,41,89,0,33,96,4,50,70,96
445,674,711,248,0,0,42,85,33,56,17,66,92,31,13
840,684,949,951,1,1,79,91,67,18,44,22,37,75,98
573,260,918,532,0,0,73,23,87,70,92,60,0,98,33
216,780,240,727,1,1,48,92,20,30,95,73,7,51,16
929,188,182,825,0,0,63,72,32,81,32,4,80,31,20
890,787,276,568,0,0,31,3,6,39,4,22,82,8,95
226,880,297,545,0,0,63,45,64,13,81,78,62,77,66
492,684,723,580,2,2,1,17,2,99,73,81,32,12,57
740,856,667,983,3,3,23,42,50,80,35,24,14,55,78
157,688,790,393,0,0,86,79,78,36,96,7,30,43,7
733,258,520,864,2,2,65,32,94,43,22,94,20,96,95
612,588,500,242,3,3,37,92,53,8,39,20,2,95,37
850,423,797,349,3,3,30,9,79,57,4,1,65,82,25
901,709,570,977,0,0,25,72,73,19,33,21,34,29,63
195,480,317,401,1,1,28,58,92,91,23,71,40,15,29
737,201,927,124,1,1,66,30,58,49,16,86,58,11,8
217,593,828,888,1,1,77,27,5,19,94,95,15,73,31
659,743,731,988,0,0,24,59,28,35,70,71,55,65,10
700,713,274,989,1,1,47,2,16,26,80,67,44,17,85
587,118,122,169,2,2,64,54,59,71,91,63,58,12,33
336,553,824,724,2,2,52,13,21,31,21,93,49,92,17
984,581,334,974,2,2,66,57,23,0,14,18,84,23,18
996,693,112,211,2,2,89,88,80,16,14,86,11,11,53
371,496,200,463,3,3,17,14,84,8,24,81,91,59,81
288,378,635,402,2,2,8,1,50,83,52,52,11,59,36
803,950,975,570,1,1,37,23,49,44,20,92,32,92,81
546,464,622,190,0,0,86,77,10,95,65,86,83,85,11
680,430,884,629,1,1,20,63,55,65,90,96,48,99,3
889,740,551,760,2,2,64,70,70,31,31,51,20,0,42
960,443,530,838,3,3,20,99,41,44,20,46,59,42,26
346,921,892,825,2,2,26,23,38,8,67,81,51,54,50
175,554,705,971,0,0,69,26,68,29,43,53,53,39,4
253,700,812,762,1,1,43,36,47,83,82,43,38,63,5
755,824,632,291,0,0,99,93,56,37,65,96,48,33,76
534,754,951,651,0,0,27,90,20,59,89,6,63,33,86
185,164,822,341,0,0,44,38,81,0,97,91,99,47,55
796,175,751,237,1,1,16,62,98,4,13,0,85,32,88
384,810,392,444,2,2,39,78,19,62,14,62,25,67,67
319,242,909,279,0,0,2,25,14,98,19,97,70,29,95
168,927,200,811,1,1,75,64,68,35,33,38,6,83,43
146,704,601,602,3,3,75,3,76,64,35,18,71,89,14
193,572,403,302,1,1,65,28,50,77,82,30,61,78,89
849,516,970,672,3,3,45,0,75,72,8,76,89,70,41
552,404,639,291,1,1,85,49,61,93,70,23,87,70,10
303,835,652,104,2,2,86,85,84,23,29,68,23,28,72
317,596,454,989,0,0,29,10,36,3,76,86,39,22,10
573,390,402,336,2,2,68,73,5,77,90,82,75,33,65
531,201,595,792,1,1,8,58,70,88,62,64,46,83,26
440,366,757,410,0,0,84,61,25,67,34,32,7,14,57
650,966,867,648,3,3,10,80,7,24,12,58,53,96,89
711,721,326,155,1,1,68,35,72,73,78,32,8,52,71
388,941,335,542,0,0,98,55,90,98,45,31,2,16,20
353,876,972,336,3,3,90,89,3,6,55,58,53,63,20
833,102,991,969,3,3,65,20,20,12,8,91,20,83,71
456,184,554,960,2,2,87,12,30,67,86,40,94,60,0
122,893,112,296,1,1,30,8,20,42,35,11,47,56,57
861,427,309,684,3,3,32,10,24,56,2,72,46,76,12
621,915,840,670,0,0,38,74,14,35,97,10,87,87,72
857,549,496,851,3,3,93,69,34,13,18,96,67,36,91
936,553,199,613,3,3,45,0,48,81,27,18,83,6,5
199,728,130,548,2,2,36,69,42,71,22,53,62,7,86
901,320,997,459,2,2,91,76,40,95,6,56,15,86,99
279,253,627,799,0,0,59,85,36,26,75,41,73,77,57
322,764,748,918,2,2,30,55,56,36,13,97,89,67,16
861,111,428,129,3,3,10,30,41,86,45,70,92,20,72
758,232,265,878,3,3,86,85,46,70,14,30,4,60,11
541,403,558,207,2,2,1,36,91,75,66,51,10,73,85
707,392,921,943,3,3,26,46,60,24,14,1,28,85,51
868,399,199,701,3,3,98,90,13,66,50,82,78,93,75
424,839,720,816,0,0,1,77,67,89,87,37,69,93,69
615,882,954,990,2,2,20,46,52,3,7,31,47,79,72
115,142,272,544,3,3,57,68,83,99,68,9,14,74,51
891,442,848,992,2,2,4,57,33,78,61,7,83,85,36
435,425,261,537,0,0,51,35,75,95,50,89,33,28,2
858,913,827,831,2,2,44,31,96,92,62,93,59,24,97
357,597,875,989,3,3,84,97,23,73,67,74,61,57,7
596,463,362,705,2,2,92,63,19,84,77,19,1,13,9
995,990,903,556,3,3,19,70,68,15,15,19,79,77,46
259,526,373,714,3,3,60,41,29,18,83,8,18,65,40
574,120,102,834,3,3,37,47,87,28,23,71,97,53,63
951,506,127,797,0,0,19,73,6,50,5,14,48,76,41
763,718,425,795,2,2,24,80,35,17,56,97,77,66,42
789,435,248,594,0,0,1,29,37,57,30,87,87,29,8
774,914,639,773,2,2,31,20,79,43,5,96,27,17,13
479,216,587,346,0,0,25,59,51,15,98,62,47,53,90
644,223,921,642,1,1,69,12,14,64,78,90,95,99,95
790,498,537,663,3,3,40,0,45,1,28,20,36,20,3
526,892,164,956,3,3,66,64,22,55,66,4,73,52,1
712,903,455,687,0,0,96,32,11,78,74,34,48,82,96
367,814,632,996,1,1,0,37,92,27,2,84,47,15,84
934,150,351,538,3,3,50,24,43,64,27,67,72,27,0
676,882,334,377,2,2,4,25,14,4,73,47,87,3,74
516,423,326,651,0,0,12,76,92,21,96,79,99,54,64
267,888,624,712,3,3,18,58,48,99,47,94,28,14,45
941,240,412,210,3,3,11,91,20,12,79,89,59,63,58
142,569,148,484,0,0,47,32,14,64,9,61,28,64,74
655,886,217,932,0,0,24,40,13,15,32,34,57,15,6
384,901,153,860,2,2,56,29,41,85,99,69,47,19,65
496,433,749,290,2,2,34,56,79,63,66,96,22,63,14
111,992,664,589,3,3,75,48,14,31,68,20,26,32,71
706,472,143,793,3,3,93,47,62,79,11,79,94,80,46
401,663,914,525,0,0,4,71,67,50,56,38,6,68,89
997,593,152,504,3,3,97,48,26,78,43,33,48,68,39
352,638,685,434,3,3,21,46,86,57,12,14,53,57,41
598,768,657,308,0,0,76,55,92,45,23,5,67,38,50
853,850,624,121,3,3,56,64,52,51,43,65,77,76,34
134,255,776,777,3,3,46,11,51,62,56,87,41,35,40
826,390,201,710,1,1,53,68,62,75,95,55,73,93,84
948,747,891,307,2,2,2,87,72,59,15,48,58,67,56
189,243,869,107,0,0,52,5,52,64,95,91,43,86,37
875,205,948,801,1,1,83,88,56,80,99,0,97,20,71
704,519,967,786,2,2,30,64,51,54,20,64,25,62,95
701,769,497,884,2,2,68,24,42,56,75,27,22,84,7
517,757,237,628,2,2,87,0,6,91,50,99,72,5,73
214,101,774,701,1,1,32,31,41,70,20,19,7,23,62
716,688,486,752,1,1,71,2,3,72,59,47,52,52,86
295,743,210,756,2,2,87,48,68,85,50,71,13,94,3
925,189,713,265,3,3,49,18,4,25,20,64,70,82,47
600,444,116,948,3,3,83,59,74,11,5,89,6,75,51
725,449,879,595,1,1,15,28,91,70,72,50,8,77,37
592,558,281,689,1,1,75,49,79,45,64,42,2,49,93
174,362,983,528,1,1,76,1,40,46,75,48,77,11,86
512,450,635,873,2,2,38,72,93,78,57,24,16,55,4
475,207,640,262,3,3,88,55,3,37,77,73,43,14,84
519,685,270,465,1,1,45,16,1,20,5,75,85,82,69
828,138,508,625,1,1,95,59,66,13,64,40,45,91,80
376,258,839,338,0,0,87,35,20,1,85,70,89,39,88
860,682,477,171,2,2,46,60,69,71,33,63,57,40,23
775,411,287,544,0,0,43,16,42,69,55,60,27,68,85
493,340,957,754,3,3,8,48,81,32,74,11,13,68,76
968,544,329,921,0,0,86,75,68,5,2,80,8,5,16
556,397,932,608,0,0,49,59,8,89,41,68,25,86,77
291,135,951,894,0,0,76,19,83,36,61,13,1,66,97
838,183,218,368,2,2,59,49,27,13,5,33,74,32,89
788,551,255,852,3,3,95,2,25,36,5,47,80,42,82
198,985,883,514,0,0,14,42,81,7,62,60,33,20,25
647,874,786,344,2,2,35,56,82,76,19,80,18,83,2
195,921,564,774,3,3,62,49,2,12,20,34,38,64,1
763,484,203,159,1,1,68,67,72,39,1,64,81,16,91
762,271,703,105,0,0,85,80,99,91,89,58,12,92,1
289,475,797,808,3,3,79,49,94,57,94,35,4,7,21
835,784,894,669,0,0,40,36,48,17,89,78,49,63,70
136,461,601,916,1,1,73,45,16,56,55,18,22,89,3
879,658,792,506,3,3,23,41,62,82,95,41,87,27,37
468,990,781,316,2,2,81,14,54,37,9,68,28,97,83
794,240,798,125,3,3,48,32,22,31,86,18,71,89,69
624,986,274,914,2,2,17,79,33,85,69,38,25,12,72
378,217,833,104,3,3,6,10,68,65,22,68,78,12,51
316,376,844,631,2,2,3,19,14,76,91,51,56,37,30
966,825,773,489,1,1,89,23,46,86,29,11,0,24,25
972,319,520,809,1,1,68,63,2,24,77,82,27,61,35
897,125,233,670,1,1,59,79,82,91,36,46,61,22,25
372,620,490,547,3,3,54,93,27,57,54,75,46,85,27
980,882,835,853,1,1,15,97,2,74,95,35,77,20,4
161,109,600,245,0,0,98,64,3,32,48,62,97,53,73
695,477,764,487,1,1,89,87,87,87,33,75,58,62,17
979,732,132,884,2,2,81,87,30,65,43,81,30,29,14
828,736,154,348,2,2,28,72,44,29,21,50,69,74,56
441,781,618,625,2,2,22,85,58,80,30,42,48,67,96
496,683,855,561,3,3,13,75,44,33,6,33,4,96,4
798,251,924,112,0,0,78,16,74,85,20,96,30,75,36
118,819,737,483,1,1,48,88,36,68,15,48,36,72,85
276,148,111,655,0,0,32,91,64,47,19,17,78,31,85
711,253,627,986,0,0,24,60,8,39,42,60,14,74,21
495,958,819,498,2,2,20,14,16,50,43,56,51,23,51
544,392,654,118,2,2,16,93,64,79,46,92,68,6,14
332,679,472,674,2,2,22,50,2,12,18,4,91,71,16
175,149,583,590,3,3,56,26,25,89,47,88,96,96,50
364,763,746,850,0,0,80,85,52,30,95,23,10,88,44
554,630,327,518,0,0,57,73,30,38,78,92,42,0,62
895,711,722,436,3,3,13,60,25,62,68,63,69,2,27
817,159,406,518,3,3,92,57,22,47,10,58,22,27,58
834,266,556,711,3,3,19,30,29,86,78,37,39,42,85
483,301,259,774,0,0,29,90,9,47,28,32,62,96,20
663,956,430,221,0,0,18,11,71,60,44,9,1,45,41
950,245,875,531,2,2,52,45,88,11,67,36,78,0,80
605,775,324,143,2,2,55,30,63,77,35,96,86,37,68
466,538,828,971,0,0,76,31,21,55,47,86,85,90,81
243,341,603,416,2,2,81,31,14,17,86,10,72,34,16
984,680,555,480,3,3,22,98,55,26,14,23,46,73,67
168,786,144,244,1,1,61,52,73,27,43,87,29,75,6
198,660,313,426,2,2,32,60,19,81,66,70,15,73,88
495,582,158,462,0,0,17,45,46,79,95,20,58,53,39
124,207,743,149,2,2,72,84,86,51,73,19,46,97,39
990,325,715,164,2,2,32,73,52,15,39,9,29,23,42
568,772,294,454,2,2,31,79,52,76,85,88,8,27,72
583,730,588,899,1,1,60,6,0,57,13,46,64,21,82
664,760,256,263,3,3,53,3,1,92,62,99,58,15,50
250,761,709,240,0,0,16,90,57,8,80,46,63,12,72
243,531,325,925,1,1,18,51,18,25,84,14,7,99,22
668,904,511,227,0,0,90,88,61,27,50,43,51,99,94
138,754,304,497,0,0,69,30,77,76,78,61,17,61,31
208,518,178,979,0,0,98,74,71,35,57,5,90,42,30
792,554,223,562,1,1,33,83,11,8,14,65,81,86,16
141,259,570,850,3,3,83,35,25,46,64,75,95,77,57
285,622,317,935,0,0,24,53,26,77,87,3,57,31,85
497,749,615,907,3,3,67,53,28,50,54,22,48,66,34
322,689,701,286,3,3,73,16,14,75,75,12,31,90,29
733,176,203,819,2,2,73,74,45,56,9,80,47,82,63
232,608,492,831,1,1,87,29,0,31,41,30,44,85,52
262,540,730,289,1,1,84,98,59,66,94,15,53,56,50
314,353,744,487,2,2,10,21,91,56,10,40,99,64,36
832,869,923,528,2,2,90,42,56,53,15,89,99,68,89
334,419,707,957,3,3,15,26,2,15,72,91,84,48,5
942,902,533,383,0,0,89,36,17,61,77,0,45,32,33
757,362,430,963,1,1,60,45,51,83,18,11,95,18,55
850,696,242,336,0,0,93,34,59,95,30,55,30,35,95
687,757,899,293,0,0,79,3,33,55,72,49,36,69,24
108,934,639,386,2,2,6,79,95,22,99,19,15,14,12
173,653,377,870,0,0,15,79,92,16,52,65,45,99,62
591,473,332,857,3,3,98,84,88,79,89,35,45,96,65
352,736,628,235,2,2,15,25,59,37,7,78,77,23,4
329,266,670,891,0,0,39,99,25,71,23,37,87,26,74
618,852,189,882,2,2,11,18,71,82,7,21,88,48,10
273,558,591,270,3,3,34,80,18,29,82,60,60,74,87
752,379,298,258,3,3,20,44,21,57,47,49,45,22,77
267,799,461,300,0,0,49,25,92,97,29,95,50,32,93
269,401,540,586,2,2,42,21,32,77,57,58,61,40,43
492,630,125,656,0,0,99,57,37,21,85,19,34,55,98
894,679,124,875,0,0,16,62,34,16,54,35,80,28,84
733,317,493,682,2,2,31,27,66,14,72,96,41,30,68
293,201,606,603,0,0,40,64,82,47,61,14,44,64,1
616,653,400,975,3,3,5,43,9,31,47,61,67,97,39
128,387,438,470,2,2,87,99,90,76,3,2,74,17,36
264,266,366,202,2,2,26,42,14,84,36,92,46,81,48
521,720,560,224,2,2,19,36,10,39,7,90,78,5,97
438,135,792,412,2,2,24,65,89,96,0,4,29,51,74
747,843,555,897,0,0,65,16,23,56,91,55,23,39,35
595,840,459,557,0,0,8,39,76,57,69,30,65,64,74
464,452,167,329,3,3,91,37,95,90,46,85,42,41,72
932,775,962,757,1,1,52,84,3,98,99,34,33,93,69
441,998,511,981,1,1,60,60,12,15,74,70,22,67,33
599,172,590,296,3,3,37,8,72,27,4,69,60,31,57
756,747,932,984,1,1,2,76,56,97,49,25,94,9,36
610,452,148,832,3,3,83,74,97,0,23,0,36,68,95
426,990,786,522,0,0,69,60,36,40,46,82,12,8,59
316,169,663,671,2,2,96,79,47,47,17,6,96,68,11
400,524,201,709,2,2,54,15,70,30,83,35,70,60,31
231,807,315,270,0,0,0,1,0,35,27,75,95,10,80
903,880,537,481,2,2,69,71,59,32,76,83,6,98,3
169,660,799,272,2,2,44,42,11,32,4,86,41,90,32
351,927,668,762,1,1,97,41,20,81,29,24,37,67,42
514,741,658,552,0,0,46,76,10,22,0,93,51,73,8
886,616,258,449,1,1,78,56,43,59,85,58,43,96,97
544,527,588,733,1,1,25,80,57,86,81,60,63,7,50
975,638,785,593,2,2,13,87,43,78,45,28,12,48,93
281,259,341,719,2,2,53,66,77,89,68,94,87,23,19
266,248,893,103,0,0,70,29,97,29,30,17,27,32,38
190,875,852,192,2,2,45,12,33,88,69,40,95,18,22
813,329,981,105,2,2,30,18,24,44,90,18,81,1,40
957,811,104,387,0,0,87,6,3,79,55,3,97,54,43
630,661,695,717,2,2,58,8,63,38,88,64,97,10,34
138,166,919,245,1,1,94,82,89,44,92,40,0,98,22
225,911,460,882,0,0,28,53,15,77,27,14,42,16,57
550,480,558,523,2,2,95,85,9,80,15,53,41,41,47
272,157,347,989,3,3,16,81,65,11,53,63,94,60,86
752,358,665,707,0,0,13,60,34,92,52,71,49,2,57
853,441,772,556,0,0,35,86,82,31,11,14,59,85,56
319,937,521,840,3,3,57,1,5,55,19,78,0,34,86
737,229,837,301,2,2,23,49,18,23,81,49,50,84,38
157,826,114,311,2,2,62,74,58,12,33,21,15,88,27
759,271,835,105,0,0,90,30,52,19,52,17,38,65,63
575,869,672,723,0,0,24,32,7,78,63,79,14,0,61
555,713,221,475,2,2,58,77,77,55,22,1,32,6,82
928,308,376,990,2,2,31,79,9,52,26,35,86,19,61
994,902,657,546,1,1,81,10,66,67,16,19,52,42,93
460,453,552,934,0,0,17,32,37,53,47,15,97,5,84
100,570,489,205,0,0,36,6,28,33,20,66,16,54,87
486,897,393,750,3,3,25,30,14,27,49,29,88,99,84
447,215,673,910,1,1,8,47,86,49,39,54,5,20,25
289,363,697,500,2,2,98,46,22,1,94,65,30,50,50
604,761,545,195,1,1,63,77,81,93,2,98,68,45,49
290,911,309,487,2,2,71,91,45,25,16,25,39,34,35
607,541,689,551,2,2,19,52,82,50,60,56,29,99,25
468,647,813,948,1,1,53,79,27,46,49,68,68,7,32
508,552,401,908,0,0,85,18,25,25,89,1,75,67,99
923,944,322,515,2,2,82,80,9,83,86,55,6,15,67
216,576,833,825,1,1,29,89,46,91,5,83,12,66,72
233,386,102,603,3,3,52,5,3,83,27,61,3,70,7
157,402,617,553,1,1,91,48,54,74,71,33,49,63,65
655,410,192,390,3,3,98,72,65,73,54,97,2,1,92
784,307,619,633,2,2,62,49,66,60,57,55,11,0,22
771,717,527,292,1,1,10,80,6,22,44,54,64,57,69
272,545,592,249,1,1,30,94,54,36,71,19,26,0,54
928,769,334,979,3,3,48,11,79,40,18,49,49,6,42
914,732,719,858,1,1,99,22,30,51,28,24,76,87,99
248,154,260,878,1,1,93,53,73,82,22,83,16,68,20
179,111,820,862,2,2,86,68,18,81,31,24,71,84,21
985,756,851,614,1,1,18,99,27,48,9,52,31,91,8
312,499,430,492,0,0,11,58,80,26,90,13,83,17,33
302,747,432,415,3,3,14,35,27,5,48,59,50,87,58
863,614,149,175,1,1,30,2,18,73,64,42,16,31,25
328,755,622,698,3,3,42,57,86,65,28,61,33,44,0
775,641,962,369,3,3,36,87,19,23,58,75,34,32,99
326,336,767,324,3,3,78,54,12,37,44,68,98,73,4
758,378,591,629,1,1,28,56,76,27,66,62,23,72,40
631,447,681,212,1,1,25,16,42,27,50,1,53,48,62
540,726,780,350,3,3,1,38,10,65,94,53,17,32,21
501,203,371,332,0,0,83,89,47,60,10,15,49,96,67
146,729,679,940,3,3,14,67,14,45,85,54,45,70,47
332,616,966,890,0,0,3,54,16,68,81,93,47,67,65
404,971,351,813,3,3,85,44,53,74,98,42,32,27,15
625,347,659,182,2,2,49,75,49,73,5,60,86,86,79
242,463,795,224,3,3,37,0,27,42,66,37,88,52,52
514,420,931,274,3,3,22,20,82,58,61,44,26,95,85
612,732,798,168,1,1,58,82,3,1,4,50,0,43,64
472,385,189,146,0,0,89,20,21,14,8,41,84,79,78
665,248,545,983,2,2,74,51,85,36,27,23,58,54,63
985,183,431,355,0,0,27,81,38,70,82,29,9,9,87
358,505,238,826,2,2,65,42,33,19,91,36,94,13,67
755,555,456,129,3,3,7,51,96,97,90,52,24,35,62
570,842,700,380,1,1,28,66,43,34,76,62,83,33,61
111,899,373,336,1,1,10,43,41,33,37,10,56,87,81
429,260,118,347,0,0,17,31,39,85,42,77,65,17,80
835,883,410,467,1,1,54,9,96,30,20,22,14,15,70
883,559,969,594,0,0,49,63,11,86,90,79,27,36,44
457,649,985,124,0,0,13,78,1,18,61,49,12,40,51
507,599,253,685,2,2,73,68,27,67,45,84,13,24,73
767,837,489,817,0,0,98,67,73,23,69,54,65,7,64
472,608,359,589,2,2,8,27,85,83,37,54,33,87,1
107,753,719,593,1,1,98,52,80,38,48,3,98,83,48
221,903,982,413,0,0,10,50,89,91,74,96,24,93,21
447,580,896,705,0,0,62,52,66,53,80,53,53,83,95
775,762,670,474,3,3,75,3,70,38,38,60,78,17,28
189,213,224,738,0,0,66,78,71,16,70,77,11,67,34
747,848,453,124,0,0,52,16,83,18,29,82,8,47,80
797,677,372,433,3,3,38,66,75,47,20,4,30,99,75
415,460,718,454,3,3,77,73,98,34,0,99,77,69,23
277,440,910,215,1,1,55,46,80,31,88,94,92,66,93
639,869,344,147,0,0,27,55,91,46,31,17,52,17,29
831,860,947,837,1,1,74,22,9,46,7,43,42,17,83
968,548,549,877,1,1,38,17,85,63,68,30,37,55,41
140,942,346,198,3,3,24,0,56,45,29,93,41,22,70
839,934,619,558,2,2,20,34,96,34,7,20,71,34,49
803,279,240,622,1,1,9,63,85,93,18,46,47,5,70
601,801,461,696,2,2,42,57,36,16,58,29,66,25,59
244,506,107,504,0,0,14,94,76,41,54,54,65,84,29
300,765,577,313,3,3,82,58,90,28,29,67,15,60,11
823,295,451,784,0,0,47,0,63,69,78,68,82,87,48
560,565,594,602,0,0,85,2,78,16,35,40,93,14,94
831,410,705,820,3,3,20,66,85,80,54,44,15,90,81
851,361,932,547,0,0,59,36,93,13,43,73,30,31,45
657,518,526,993,3,3,95,82,39,23,26,90,57,11,42
646,505,138,675,2,2,49,28,97,56,76,79,27,4,1
352,242,692,357,0,0,22,88,59,49,77,29,3,63,96
489,441,286,943,3,3,12,32,97,56,53,76,9,70,74
693,415,695,220,1,1,68,99,47,60,47,99,50,85,97
982,200,699,909,0,0,3,60,98,38,29,84,17,26,79
355,343,853,153,2,2,91,92,18,54,38,44,46,78,53
808,589,953,430,3,3,77,89,71,95,12,44,31,44,34
914,111,192,883,0,0,71,3,32,35,15,78,29,34,51
549,338,185,340,0,0,8,13,43,36,43,83,35,25,32
109,660,143,854,0,0,34,90,91,13,70,83,8,22,84
923,141,236,629,2,2,20,32,36,26,26,44,35,12,83
897,777,520,582,3,3,57,21,88,82,44,54,28,89,71
341,693,173,286,1,1,17,47,35,30,34,58,15,2,50
350,528,647,957,1,1,96,2,80,72,78,4,91,28,25
976,902,712,755,1,1,71,86,87,80,27,31,20,65,96
104,257,611,361,3,3,80,84,20,82,98,5,63,63,61
218,315,255,463,1,1,42,22,1,43,6,93,65,27,60
900,769,354,590,2,2,94,67,30,67,61,25,58,86,25
473,561,270,530,3,3,97,20,96,47,50,36,98,35,36
164,233,827,338,0,0,5,42,29,56,45,12,27,5,29
245,166,269,403,2,2,85,94,75,74,19,92,54,10,94
323,947,863,397,0,0,77,84,43,21,95,68,99,37,96
338,106,971,175,1,1,66,25,11,3,37,24,30,33,10
276,625,421,799,2,2,11,40,50,80,60,12,32,80,52
878,172,666,432,3,3,99,98,48,71,31,87,86,66,40
952,498,555,999,2,2,11,37,23,45,25,94,59,45,4
381,504,702,857,0,0,65,87,23,58,57,19,40,97,65
162,774,889,741,3,3,1,10,59,33,38,71,80,85,12
316,677,712,573,2,2,14,28,10,10,19,59,45,28,62
953,958,254,926,2,2,22,59,12,30,81,72,48,59,81
926,229,988,382,2,2,28,66,90,10,49,20,64,53,89
894,565,448,690,2,2,80,64,71,55,78,60,41,92,24
788,305,550,171,3,3,95,60,73,37,51,83,22,68,43
560,887,975,362,0,0,6,18,71,20,85,78,26,73,13
709,867,752,802,2,2,93,45,63,93,21,25,88,73,68
204,365,272,978,3,3,27,48,19,9,52,53,31,8,58
198,636,109,986,0,0,13,21,71,25,84,41,82,84,55
610,892,839,674,2,2,43,77,72,90,65,10,87,76,51
484,352,364,991,0,0,29,56,70,7,42,36,2,9,65
504,921,537,111,0,0,80,13,77,7,81,10,59,74,67
922,388,859,240,3,3,31,43,27,59,22,26,75,67,11
617,263,346,865,0,0,69,15,1,71,76,93,98,57,74
575,194,766,654,3,3,87,96,42,33,63,82,78,94,67
808,881,645,116,2,2,5,76,7,15,8,33,16,51,42
962,932,598,162,0,0,26,11,12,12,6,37,31,33,72
744,209,228,352,0,0,81,54,84,86,40,60,6,34,73
969,435,771,564,1,1,87,50,91,75,53,86,82,32,90
870,921,700,475,2,2,23,38,34,90,64,52,70,71,5
536,337,704,903,2,2,33,32,22,21,1,64,68,31,14
122,480,426,619,1,1,39,32,45,95,3,2,57,54,41
664,535,852,936,1,1,46,28,14,26,77,66,39,96,30
776,998,934,189,3,3,78,68,1,63,31,27,84,7,85
813,582,503,819,3,3,74,69,60,1,99,13,47,45,52
557,124,728,903,0,0,85,30,75,96,1,51,50,13,5
182,752,705,895,0,0,23,79,63,25,63,29,56,97,32
244,216,774,729,0,0,64,30,51,91,13,57,70,7,28
184,581,710,960,0,0,17,88,35,82,19,53,36,70,20
177,491,724,274,3,3,43,45,66,68,88,68,86,76,53
556,636,458,175,2,2,75,96,68,96,48,14,74,53,55
977,178,702,712,0,0,56,76,66,83,7,37,73,20,93
100,679,957,762,2,2,27,51,46,29,91,77,84,95,20
150,272,817,499,0,0,70,9,82,7,62,13,54,74,99
784,111,116,881,1,1,22,87,1,37,45,56,40,13,54
816,899,373,170,0,0,84,73,43,60,20,58,96,74,57
871,227,784,279,0,0,33,40,63,80,86,7,19,1,63
545,707,215,223,0,0,10,94,80,64,31,71,32,97,85
548,191,960,480,3,3,85,76,77,66,7,18,39,60,45
980,752,792,392,1,1,34,2,27,45,94,31,98,16,83
587,642,190,896,0,0,92,58,90,89,15,94,33,77,21
899,945,181,294,0,0,41,51,53,94,39,28,61,88,59
133,631,423,327,2,2,27,33,73,71,26,40,99,47,10
447,757,213,530,1,1,81,48,66,42,17,74,90,90,46
194,927,868,535,0,0,77,27,35,58,34,44,18,7,30
171,546,157,886,2,2,81,82,62,45,51,12,42,55,76
650,489,253,560,2,2,91,86,24,71,14,26,68,16,17
253,771,976,717,3,3,23,95,85,34,62,18,62,68,21
349,960,503,120,2,2,7,12,47,38,52,25,92,11,55
773,142,727,163,0,0,52,96,38,91,90,52,9,37,16
537,353,954,264,3,3,71,97,46,50,80,50,12,17,37
217,229,365,126,3,3,3,96,93,3,65,36,92,25,24
870,159,414,410,0,0,90,68,20,79,30,8,4,94,31
990,762,814,384,1,1,99,66,29,76,60,91,57,36,14
405,566,140,759,2,2,4,60,91,83,63,95,58,69,12
367,386,204,380,3,3,96,59,30,50,97,51,75,40,57
153,616,989,937,1,1,48,70,25,4,33,53,58,78,89
335,566,292,930,0,0,97,23,21,54,54,2,76,41,49
488,877,500,263,2,2,29,62,20,19,58,95,85,89,10
833,444,377,997,2,2,71,85,0,23,2,68,14,75,12
862,741,453,323,3,3,62,60,36,35,16,7,76,40,96
924,481,848,883,2,2,46,22,76,33,77,13,0,46,49
500,878,832,245,2,2,25,29,84,53,77,2,37,13,37
723,789,679,967,2,2,56,59,45,33,45,23,52,0,0
866,352,808,129,2,2,36,17,8,82,37,12,51,16,38
402,155,355,144,0,0,97,95,16,16,34,42,0,96,26
306,562,750,886,1,1,6,55,46,4,0,28,10,54,35
328,556,923,570,0,0,39,52,84,88,28,71,57,92,31
952,182,760,133,0,0,91,6,94,17,3,50,39,52,40
677,198,198,752,3,3,38,96,58,54,60,41,85,30,14
174,248,687,526,2,2,61,68,53,52,96,30,98,61,30
534,428,381,929,0,0,91,91,85,49,16,62,59,7,5
202,255,982,985,2,2,77,71,11,71,27,25,43,29,88
521,289,502,320,0,0,52,78,63,90,49,17,5,76,51
803,593,208,967,0,0,3,51,5,78,89,81,27,79,81
863,982,799,633,3,3,81,3,52,44,7,56,30,65,21
837,362,298,791,1,1,24,33,15,12,33,6,7,44,30
905,179,402,466,1,1,6,68,89,15,58,47,4,17,99
405,499,426,940,0,0,27,32,4,85,17,79,53,98,72
197,863,253,842,3,3,68,68,72,83,94,59,16,44,45
949,708,651,649,2,2,66,37,45,12,58,32,37,18,66
897,359,744,681,2,2,94,97,13,19,26,2,8,76,96
434,871,504,215,0,0,19,25,43,65,15,3,73,67,90
958,714,561,338,1,1,82,0,62,98,9,99,83,82,42
534,651,231,434,3,3,10,3,93,46,75,3,77,49,0
546,884,890,540,1,1,66,38,51,18,21,41,13,24,43
407,200,973,247,2,2,86,53,25,44,15,8,25,37,56
348,458,183,108,1,1,6,89,52,36,11,50,92,94,8
265,479,498,387,2,2,22,32,28,53,74,16,61,35,4
580,919,853,487,3,3,60,32,18,5,83,16,90,67,78
434,320,727,149,3,3,70,71,46,13,50,96,24,55,8
641,919,208,949,0,0,33,19,7,3,0,19,79,38,44
858,519,320,616,0,0,18,15,22,85,26,13,35,62,91
205,223,652,954,1,1,57,20,34,54,66,21,97,6,76
662,521,467,737,3,3,8,44,94,99,11,51,79,57,23
180,330,246,686,3,3,47,89,52,33,29,26,32,79,73
232,789,211,776,0,0,81,86,98,26,8,42,2,58,41
896,162,714,377,2,2,40,81,95,6,52,2,86,47,21
999,584,657,935,1,1,47,61,57,2,60,87,10,4,59
237,727,593,399,1,1,44,30,4,46,53,93,57,86,85
283,802,604,901,0,0,24,41,15,96,36,7,63,35,36
500,673,574,688,3,3,77,11,16,1,64,85,17,95,38
429,867,935,909,0,0,24,64,31,79,41,88,46,87,83
884,582,989,748,0,0,18,72,95,24,48,9,43,24,73
607,618,370,717,0,0,38,2,51,59,3,28,92,44,73
951,254,520,706,0,0,78,89,19,78,63,39,58,91,89
168,191,996,234,2,2,79,8,65,23,78,64,49,18,88
645,625,806,679,2,2,26,50,83,14,50,20,68,6,52
873,554,466,246,3,3,73,15,81,94,90,23,87,57,27
152,840,379,589,0,0,62,87,0,13,71,72,28,80,76
549,697,382,577,2,2,67,77,57,53,59,59,92,65,14
304,744,139,258,3,3,18,2,92,77,86,25,89,79,59
225,609,288,483,0,0,27,97,92,5,78,8,66,38,59
846,282,263,262,1,1,84,96,82,77,90,19,1,17,5
142,485,635,540,2,2,77,23,43,80,30,55,24,0,51
851,673,635,952,3,3,32,72,5,17,71,98,18,62,11
982,830,103,288,1,1,9,12,49,19,93,35,39,2,18
210,504,934,514,0,0,82,1,71,61,57,35,1,20,95
860,345,389,438,0,0,29,70,87,80,81,72,82,29,74
762,841,532,706,0,0,21,20,19,79,3,21,64,10,96
282,690,570,280,2,2,2,18,13,39,21,0,61,21,1
947,760,280,387,3,3,81,88,4,38,2,68,90,56,54
194,749,347,933,1,1,74,46,40,51,78,72,53,88,14
473,570,727,286,3,3,47,21,39,31,98,36,44,2,63
619,925,378,983,2,2,1,74,33,72,46,82,48,29,99
999,987,976,237,3,3,75,32,79,26,37,71,98,87,68
459,522,680,229,2,2,53,31,44,51,32,95,68,44,14
999,164,962,293,0,0,5,63,70,96,77,12,37,35,42
795,112,353,415,1,1,39,84,79,62,47,83,3,86,73
380,312,280,884,0,0,92,38,70,73,64,99,16,71,16
294,341,929,963,3,3,93,83,26,62,25,42,52,63,97
963,592,780,243,0,0,1,71,77,16,7,36,84,53,23
294,312,924,115,1,1,72,41,77,48,49,93,52,67,73
766,792,608,401,0,0,1,8,43,99,79,73,30,49,29
192,437,860,522,1,1,92,24,32,80,37,94,21,30,66
771,272,799,344,1,1,96,88,32,81,9,24,10,28,50
160,771,665,206,0,0,73,96,43,22,41,92,33,58,59
733,263,425,187,2,2,97,1,19,97,36,87,14,35,2
150,564,456,228,3,3,54,18,35,71,25,20,9,76,4
502,596,924,986,2,2,71,19,6,12,91,40,95,72,27
888,799,749,440,2,2,59,92,31,22,11,72,52,84,77
104,494,779,103,0,0,96,69,66,56,83,41,47,66,10
565,802,490,426,3,3,5,16,38,61,48,41,30,88,71
703,407,714,509,3,3,18,88,92,53,13,1,36,88,71
781,867,184,978,2,2,95,67,23,19,45,67,27,75,75
928,282,416,405,0,0,26,93,85,85,34,7,30,92,14
633,728,311,706,3,3,0,83,69,51,28,95,69,10,82
504,893,614,820,2,2,32,2,87,22,11,60,13,10,47
937,609,483,324,3,3,39,86,86,34,81,13,86,25,45
612,807,790,447,0,0,31,50,53,66,43,76,15,52,27
744,645,441,420,0,0,68,81,37,33,65,20,24,13,6
332,663,914,658,0,0,16,25,73,32,1,23,38,63,70
623,723,943,280,3,3,7,55,79,45,58,49,65,79,93
445,863,137,717,1,1,56,99,74,80,16,81,37,9,81
145,693,610,810,3,3,41,63,31,44,9,44,40,30,87
645,843,519,485,1,1,97,7,44,18,17,63,97,94,5
177,326,850,717,0,0,8,80,60,93,21,63,39,35,57
829,844,268,891,2,2,86,94,69,86,82,25,63,9,67
912,832,442,871,1,1,34,36,87,14,57,31,88,25,54
172,535,925,207,0,0,70,96,96,77,52,56,99,19,66
893,521,405,630,0,0,78,26,52,65,0,52,15,43,48
348,653,641,509,1,1,52,44,50,38,87,32,81,61,50
146,120,801,395,2,2,53,3,75,17,60,51,76,72,58
220,653,968,917,0,0,83,85,55,69,99,94,58,78,5
313,496,636,270,1,1,24,89,26,58,88,17,90,8,89
338,724,211,430,2,2,66,95,37,31,99,34,97,70,50
155,204,510,592,2,2,61,87,61,20,30,11,10,89,37
449,291,305,294,0,0,54,98,17,39,30,50,0,23,10
206,116,284,111,3,3,45,36,63,91,65,88,12,11,51
930,219,481,294,3,3,23,95,76,26,18,94,29,59,92
147,492,595,589,0,0,97,70,29,1,52,9,68,83,19
672,524,478,894,2,2,45,32,48,96,75,51,17,77,9
436,228,146,980,0,0,21,30,40,79,73,33,77,85,25
125,229,985,281,1,1,10,54,12,38,94,66,12,15,47
903,671,839,916,3,3,47,11,33,85,21,38,31,28,90
356,659,650,755,1,1,7,10,99,55,22,7,70,31,13
107,128,627,997,0,0,38,87,93,12,86,95,71,82,99
724,196,603,415,0,0,34,71,24,55,14,28,49,34,58
966,109,121,793,2,2,48,31,65,65,25,21,70,42,11
352,341,312,129,2,2,45,56,99,77,2,83,79,95,22
791,925,409,695,2,2,37,37,17,55,86,69,30,52,84
818,331,760,777,1,1,7,59,4,27,19,60,50,19,71
402,888,852,895,2,2,53,85,18,63,39,42,26,83,38
738,383,371,892,0,0,36,97,41,70,38,48,59,7,8
155,814,670,195,2,2,90,18,17,81,71,28,32,98,87
825,858,898,480,3,3,91,83,31,63,17,80,52,41,94
625,901,301,877,2,2,39,55,20,55,40,30,92,76,24
573,875,131,543,1,1,33,13,9,40,69,52,71,69,16
127,825,542,397,3,3,95,32,36,99,26,33,32,15,41
177,299,261,907,3,3,78,9,48,40,99,37,40,68,28
315,178,866,836,3,3,16,79,85,99,14,56,18,52,59
485,954,353,944,1,1,32,63,12,3,36,3,84,44,66
464,955,620,460,0,0,46,63,54,56,57,1,40,50,84
765,272,750,473,2,2,51,61,16,29,4,11,84,97,56
625,566,579,653,3,3,79,67,8,87,72,34,88,5,71
798,680,109,402,3,3,92,90,87,83,6,69,41,32,13
411,515,825,520,3,3,8,91,43,45,40,71,22,78,38
982,548,604,345,0,0,32,42,77,55,83,20,74,14,15
106,186,884,819,0,0,59,79,45,30,9,60,32,13,17
102,200,935,336,1,1,92,58,7,87,61,34,19,38,94
722,107,659,633,0,0,76,51,36,6,25,47,24,62,74
849,944,535,284,2,2,20,96,18,89,67,14,89,4,19
462,299,210,567,1,1,57,18,62,76,23,70,51,89,45
850,604,252,853,1,1,84,20,91,53,77,14,11,80,44
607,186,734,462,2,2,68,21,45,7,40,5,31,51,3
373,142,968,382,2,2,9,8,93,54,64,80,32,15,83
605,484,201,652,2,2,5,8,70,68,16,67,73,98,94
905,720,852,435,1,1,12,72,25,43,23,21,67,37,19
838,534,932,261,1,1,64,26,45,12,26,31,14,52,10
982,507,290,259,1,1,19,16,45,92,6,21,50,86,64
114,582,828,573,2,2,56,43,74,19,72,26,5,76,17
291,763,662,700,2,2,45,44,13,77,98,14,90,96,38
730,116,903,421,3,3,7,7,84,31,11,43,68,92,43
584,744,180,111,0,0,9,79,62,59,84,85,68,52,96
127,247,588,523,3,3,72,17,71,49,2,91,81,45,99
813,376,994,172,2,2,66,32,2,26,78,8,91,97,17
138,331,187,687,1,1,10,0,27,24,84,33,34,97,46
372,925,293,957,2,2,11,75,28,51,9,99,85,90,30
330,465,203,300,0,0,9,5,86,67,32,72,33,14,98
185,327,882,621,3,3,24,40,17,20,45,14,62,58,38
573,750,195,963,3,3,48,54,34,17,58,61,67,49,37
225,535,522,604,1,1,48,4,76,38,51,44,17,8,78
911,498,990,837,3,3,88,58,75,14,5,83,25,25,46
636,310,297,787,3,3,10,79,46,52,1,71,85,2,69
244,490,100,887,2,2,61,17,4,37,28,57,96,99,7
624,598,506,138,3,3,35,48,74,47,39,91,60,46,85
311,639,477,159,3,3,38,81,58,51,96,18,77,4,64
124,662,266,677,3,3,52,64,74,87,60,15,94,61,12
679,590,608,420,1,1,89,82,58,71,67,74,73,83,54
493,541,737,534,1,1,77,53,46,27,67,7,87,83,87
166,360,412,735,2,2,55,60,94,84,28,32,84,4,84
332,872,692,775,3,3,0,7,94,15,61,73,47,9,42
208,449,517,507,1,1,55,2,12,15,59,17,71,79,3
245,451,862,485,1,1,3,24,77,34,83,34,95,62,70
210,619,780,770,2,2,29,68,88,16,40,42,30,24,59
327,419,576,668,0,0,11,54,32,72,86,49,33,43,11
210,237,172,177,3,3,34,39,96,98,81,2,86,24,58
569,649,240,293,1,1,76,82,61,51,88,90,88,29,76
133,722,681,384,2,2,51,81,78,92,64,58,6,13,53
722,467,361,626,2,2,30,49,15,81,63,27,82,85,43
875,319,439,623,2,2,86,94,43,11,78,45,6,42,15
468,436,407,712,1,1,67,32,57,82,62,63,46,27,5
847,322,344,255,3,3,51,17,5,47,97,69,7,93,13
694,747,614,439,0,0,79,56,88,21,47,46,77,18,57
653,867,436,224,3,3,6,15,14,48,19,13,0,41,30
524,459,674,970,2,2,21,79,3,51,36,6,76,19,99
712,428,660,379,2,2,92,37,55,78,63,73,2,98,40
617,562,175,721,0,0,74,40,63,0,90,78,52,85,34
791,660,979,945,3,3,55,6,67,65,85,30,91,78,9
381,903,274,968,2,2,96,77,93,63,4,92,37,10,80
419,481,208,757,2,2,57,52,33,7,33,80,50,53,29
837,935,282,827,3,3,92,62,90,85,38,50,14,97,43
542,689,291,773,2,2,63,88,94,24,66,28,99,23,54
414,716,164,227,3,3,11,31,55,65,80,14,66,69,70
976,268,948,413,2,2,6,37,31,72,61,89,63,16,17
840,316,573,431,3,3,54,21,8,72,87,75,67,27,82
476,477,882,249,0,0,61,15,62,76,23,24,4,49,78
388,218,199,553,2,2,89,51,71,69,2,60,89,94,85
536,289,643,135,0,0,72,28,77,93,70,40,88,99,38
761,866,963,784,2,2,97,15,32,78,88,68,9,54,41
376,469,227,519,2,2,76,75,86,50,66,3,7,72,53
809,877,551,121,1,1,54,16,20,52,78,56,11,9,29
681,248,468,305,3,3,35,63,54,14,92,30,63,20,19
602,775,950,738,0,0,88,90,75,49,49,2,58,57,95
723,751,142,947,0,0,23,88,56,70,28,66,66,33,41
615,958,983,455,0,0,43,12,1,74,73,89,90,94,88
449,587,518,539,3,3,16,71,12,37,31,49,49,92,86
942,869,587,828,1,1,1,55,3,39,86,16,22,42,4
545,473,177,195,0,0,12,4,83,65,38,59,39,10,49
929,880,925,263,3,3,30,11,49,38,8,73,96,32,40
449,792,900,247,2,2,92,40,47,73,13,65,77,57,93
706,259,369,629,0,0,27,2,77,16,67,87,86,45,38
763,450,773,393,0,0,59,98,29,6,63,74,94,60,56
922,387,800,294,1,1,26,32,28,38,19,23,76,61,90
236,387,858,762,0,0,14,85,7,67,27,98,75,0,56
858,991,999,579,0,0,94,49,11,34,13,86,98,20,36
998,325,827,976,2,2,78,55,40,50,43,31,17,61,6
342,622,414,222,3,3,32,8,25,46,97,86,20,63,4
642,621,950,499,3,3,19,81,49,35,76,97,0,86,78
139,882,988,798,1,1,41,49,1,63,94,18,37,72,50
328,372,267,551,2,2,11,28,54,94,96,65,40,55,7
647,501,438,760,3,3,72,38,55,88,38,59,41,0,55
322,282,292,203,2,2,22,90,13,12,27,65,8,20,72
105,764,552,854,3,3,71,99,5,17,63,14,22,21,10
421,587,382,561,2,2,95,44,94,20,88,84,77,53,21
567,926,435,842,1,1,13,16,80,64,31,34,10,3,97
831,945,489,817,0,0,90,55,88,99,8,68,70,64,98
174,223,624,809,1,1,24,97,60,7,27,26,30,50,76
103,725,339,495,3,3,76,45,95,47,94,87,87,73,10
946,889,931,436,1,1,84,66,11,84,16,6,25,62,59
745,513,582,698,0,0,30,68,12,42,86,5,29,14,95
217,824,758,241,1,1,53,13,18,52,76,32,33,35,14
980,271,815,416,3,3,4,66,43,84,54,57,45,28,37
705,387,691,810,3,3,12,22,88,26,9,48,68,51,0
603,534,990,657,1,1,27,93,94,18,79,16,4,45,45
673,785,654,899,0,0,42,60,58,22,5,41,60,68,87
540,212,557,626,1,1,88,22,36,49,47,93,82,28,42
293,987,188,655,0,0,98,26,24,50,74,71,37,46,21
946,221,759,500,2,2,46,53,15,42,66,39,27,90,2
814,643,194,780,0,0,70,9,37,98,91,45,25,24,13
491,321,551,409,2,2,37,88,42,50,40,70,60,79,1
125,730,527,594,1,1,95,76,86,68,78,69,22,15,60
534,138,250,655,0,0,66,15,13,40,59,67,45,99,31
272,596,613,709,2,2,61,40,5,71,76,0,29,88,37
399,879,475,872,2,2,38,97,88,10,41,78,66,40,96
744,332,121,208,2,2,36,54,22,79,80,94,91,64,45
425,629,982,894,3,3,85,60,59,87,70,88,32,68,41
509,248,412,471,1,1,7,85,11,84,27,96,2,19,5
217,496,939,954,2,2,80,80,12,51,12,51,68,68,40
935,760,618,715,0,0,51,86,99,22,80,34,82,35,24
886,737,305,867,2,2,90,99,97,48,14,68,41,92,97
823,401,474,990,3,3,32,48,5,37,35,4,61,97,10
324,459,550,305,1,1,80,72,62,46,91,99,57,57,40
631,337,725,946,3,3,41,51,37,71,14,16,56,47,70
212,746,883,142,3,3,75,1,49,6,74,52,0,81,56
239,762,694,964,3,3,26,95,51,65,55,51,72,1,45
658,335,278,344,0,0,7,49,39,93,94,13,59,79,85
100,835,309,386,1,1,22,85,7,76,3,28,68,28,47
189,302,599,454,1,1,63,42,60,61,98,7,58,96,62
753,355,563,884,0,0,92,76,7,86,97,97,45,15,38
419,697,939,575,1,1,19,7,96,28,51,0,33,34,9
649,761,223,182,3,3,15,58,33,37,90,28,96,61,84
904,334,212,209,1,1,16,64,78,83,9,35,24,80,69
993,444,111,289,0,0,79,80,99,32,93,50,41,3,64
238,633,225,899,3,3,18,11,59,28,44,36,28,67,97
610,959,664,350,0,0,7,3,56,78,83,92,24,50,58
967,896,430,823,2,2,37,76,98,22,28,68,53,88,77
944,880,382,390,3,3,37,94,45,2,52,52,72,32,35
358,565,239,744,3,3,52,40,21,92,28,95,66,77,26
772,869,500,300,1,1,92,6,86,44,22,51,14,23,72
789,640,196,896,3,3,99,86,39,7,56,87,3,74,54
109,312,616,425,0,0,89,87,44,85,49,82,37,24,69
360,562,668,610,1,1,30,68,54,28,20,11,19,27,94
749,535,945,508,2,2,43,68,50,1,42,51,22,6,80
271,382,168,706,0,0,59,80,85,49,9,0,36,35,52
997,661,217,889,2,2,75,29,4,64,75,6,61,9,59
112,706,987,936,2,2,16,72,94,19,29,16,7,35,60
267,562,158,607,2,2,78,5,12,51,50,97,36,94,35
741,506,132,830,3,3,72,88,27,84,32,42,44,82,84
695,187,417,700,0,0,38,18,83,36,17,70,96,17,26
420,143,149,171,0,0,41,79,96,71,77,16,32,5,40
418,560,979,346,3,3,47,84,79,26,21,58,6,91,27
712,377,588,740,1,1,11,65,61,46,63,2,21,6,15
428,782,118,823,2,2,95,9,92,98,20,28,4,11,34
884,520,825,954,0,0,88,15,86,5,0,21,14,40,35
876,800,296,707,3,3,17,36,23,59,14,37,20,62,55
649,452,990,686,2,2,78,78,97,44,35,53,88,97,98
518,795,549,665,1,1,95,76,6,43,46,92,16,24,18
705,614,658,443,1,1,5,76,37,82,53,49,55,80,56
194,802,778,153,2,2,42,31,36,17,85,68,49,52,84
916,729,551,829,1,1,34,46,67,64,31,29,6,32,32
680,118,388,627,0,0,97,71,97,24,57,22,49,86,22
417,122,240,710,0,0,53,42,41,26,45,84,59,72,62
335,512,183,631,0,0,61,81,85,6,53,89,82,5,69
433,129,793,657,1,1,68,35,4,43,32,46,6,61,95
984,906,490,292,0,0,81,25,63,28,38,20,39,65,21
475,207,690,994,3,3,15,9,49,94,22,19,44,8,66
558,466,314,157,0,0,7,30,86,43,42,22,58,66,98
236,380,625,536,0,0,88,96,14,35,54,67,87,15,79
687,227,314,210,1,1,95,28,94,18,1,20,74,88,58
646,328,502,228,0,0,89,4,72,5,65,20,54,87,24
612,210,227,948,2,2,85,76,52,24,37,0,63,92,16
395,235,921,805,3,3,30,0,24,30,28,14,64,54,38
419,461,576,951,1,1,9,86,88,8,66,16,53,39,76
671,285,859,425,3,3,55,2,84,83,70,50,95,25,91
931,755,503,107,2,2,75,66,8,73,35,62,39,37,74
448,683,128,128,1,1,91,70,37,36,28,13,52,34,73
939,228,891,211,1,1,69,99,21,26,36,58,43,86,38
878,975,437,772,0,0,19,34,86,12,99,82,62,67,23
972,360,930,230,3,3,4,14,48,40,86,49,1,58,37
328,614,813,287,2,2,22,66,67,65,44,33,78,13,87
369,548,460,774,2,2,8,92,92,84,15,5,20,46,96
927,999,668,808,1,1,57,29,14,96,30,48,87,70,80
897,203,491,574,0,0,58,81,64,23,33,5,49,71,56
390,582,317,463,1,1,92,74,53,43,49,68,80,41,43
824,323,673,303,1,1,79,42,29,97,64,6,51,50,35
264,931,768,311,1,1,53,59,92,59,81,96,8,18,98
104,973,301,720,1,1,45,39,19,8,61,76,98,65,69
950,965,116,375,2,2,21,64,32,1,42,50,19,46,79
478,590,421,172,2,2,63,28,99,55,55,0,82,64,44
177,572,617,778,1,1,7,73,85,29,14,12,17,41,91
509,109,669,871,1,1,19,91,76,21,47,42,83,37,95
673,504,424,342,0,0,50,94,6,74,48,26,29,12,25
231,995,511,886,1,1,77,18,7,80,80,70,64,43,10
700,401,417,201,2,2,38,2,27,99,43,2,23,23,51
848,330,780,784,3,3,36,35,44,12,9,57,87,95,24
141,830,181,270,2,2,49,42,72,70,19,88,46,29,30
188,165,573,752,0,0,33,14,88,15,69,96,82,69,84
501,211,567,287,2,2,74,96,79,96,7,16,93,37,44
395,112,524,540,3,3,32,40,73,44,44,44,89,96,66
939,492,830,185,1,1,30,89,10,64,33,77,43,22,75
394,599,788,575,3,3,53,79,30,10,95,57,28,73,39
715,697,303,151,1,1,43,35,11,69,50,55,76,56,45
625,333,682,210,1,1,33,96,94,19,3,53,67,78,53
899,701,486,976,2,2,70,83,77,98,38,86,16,22,40
790,413,877,953,2,2,61,76,50,62,83,87,96,35,88
736,665,197,142,2,2,22,32,43,89,23,28,4,56,80
521,111,444,310,0,0,45,4,95,11,87,53,91,0,37
964,308,902,299,2,2,55,77,49,61,54,26,87,71,99
122,113,307,909,0,0,6,90,16,93,25,44,80,2,35
674,732,613,957,2,2,88,86,34,91,24,86,49,13,82
242,517,735,851,1,1,60,13,0,90,35,30,39,80,43
764,536,891,726,0,0,2,67,28,41,70,35,45,33,56
244,476,685,125,3,3,37,82,50,82,73,80,50,69,65
324,119,265,398,0,0,83,46,63,68,57,60,10,68,80
602,686,121,176,0,0,33,53,3,57,11,36,11,50,29
920,854,253,236,3,3,43,3,86,4,0,66,12,28,9
715,834,538,119,0,0,29,93,27,26,49,35,63,98,98
203,169,394,539,1,1,16,82,15,27,24,4,7,81,60
138,923,318,310,2,2,58,94,62,25,79,45,64,47,62
297,310,768,851,3,3,9,94,75,90,4,78,8,93,35
745,200,594,650,2,2,98,8,52,48,82,51,91,78,53
678,797,329,534,1,1,83,52,84,20,67,48,1,78,96
490,231,119,879,3,3,17,76,16,0,5,5,77,15,64
278,722,652,306,2,2,44,77,39,91,25,9,12,56,81
653,480,247,538,2,2,90,59,12,57,54,95,1,96,3
547,231,207,878,1,1,58,45,51,78,38,22,67,9,54
599,119,502,765,2,2,61,53,57,54,8,16,75,18,53
114,635,695,141,1,1,58,73,95,80,44,83,47,66,90
722,326,582,510,0,0,48,94,36,25,13,43,73,35,88
768,253,466,622,1,1,99,36,78,83,54,40,2,3,63
388,904,933,905,0,0,62,22,75,24,8,14,67,74,91
577,841,513,709,3,3,86,26,60,76,14,43,5,32,21
330,568,408,526,2,2,31,69,78,32,36,57,86,27,24
519,921,901,374,1,1,9,89,33,88,49,85,4,95,80
256,970,934,547,1,1,10,65,69,71,83,49,2,79,58
649,504,233,983,2,2,69,60,16,68,71,51,9,8,56
540,301,818,841,2,2,61,76,19,5,95,69,42,74,53
196,137,382,468,3,3,46,50,72,22,20,67,18,5,43
510,871,877,319,3,3,33,49,58,29,56,62,13,48,51
388,287,172,676,1,1,99,18,68,77,18,57,20,90,75
353,156,580,966,3,3,16,0,86,53,92,22,42,75,15
295,119,451,331,0,0,53,39,32,86,57,43,27,21,15
697,372,659,427,3,3,75,31,77,10,94,82,20,47,80
933,218,425,542,3,3,84,21,16,30,5,94,35,20,54
621,682,844,151,1,1,39,92,56,5,3,43,23,32,60
616,615,542,985,0,0,18,65,82,10,42,51,53,80,94
734,320,199,475,3,3,66,39,96,76,92,66,37,55,78
941,625,158,362,0,0,81,37,0,11,41,27,16,28,76
964,614,607,366,0,0,52,47,12,65,2,66,21,52,39
217,827,357,458,0,0,63,54,26,52,0,77,82,39,90
905,840,512,416,2,2,82,74,69,98,54,17,44,73,20
258,435,551,423,2,2,46,80,58,35,14,26,73,17,65
914,797,164,765,2,2,5,54,5,16,46,50,60,46,7
327,154,694,969,2,2,15,50,96,27,84,59,10,12,70
976,599,253,977,1,1,71,59,93,91,45,73,60,26,9
315,999,365,751,3,3,17,7,98,21,57,48,37,61,56
795,987,920,662,2,2,51,85,22,6,94,14,65,73,3
114,865,178,728,1,1,47,67,9,14,70,82,32,95,42
256,635,414,520,3,3,42,74,50,95,80,72,42,44,99
747,261,761,145,2,2,38,71,18,10,82,67,30,2,98
360,769,659,920,3,3,48,8,50,23,38,14,34,21,62
256,693,990,699,2,2,11,89,91,66,2,50,36,26,42
146,258,347,819,1,1,9,1,86,29,29,47,46,54,66
423,287,889,988,0,0,70,79,67,69,34,71,99,66,81
943,159,967,368,0,0,54,94,83,65,56,0,22,32,50
784,916,709,700,3,3,0,69,82,60,28,6,35,1,55
229,418,513,480,1,1,48,84,41,77,49,52,39,74,42
510,977,124,217,0,0,35,89,90,40,61,30,89,45,23
194,310,383,665,2,2,20,58,56,81,51,17,88,73,95
726,505,548,215,0,0,36,18,97,50,13,11,80,32,33
854,763,980,729,3,3,23,27,67,43,34,47,14,57,58
391,208,400,359,3,3,54,71,37,94,27,29,36,6,1
893,175,167,174,1,1,24,13,61,12,57,96,3,14,1
910,641,106,579,3,3,6,23,6,89,29,6,21,25,9
382,413,916,404,0,0,80,43,70,11,89,91,80,10,22
168,216,236,106,0,0,92,55,49,81,6,2,21,37,14
759,967,263,465,0,0,93,89,51,8,38,62,80,26,75
110,803,182,733,0,0,70,94,25,84,94,5,77,6,16
353,118,996,622,1,1,96,50,25,47,68,94,77,0,81
941,531,749,447,2,2,70,31,18,48,34,14,16,73,13
971,784,519,537,2,2,23,49,8,52,51,70,71,20,80
649,839,172,314,1,1,10,40,60,55,13,42,97,78,78
233,449,336,528,3,3,72,65,19,39,62,93,89,29,75
811,282,145,890,2,2,11,24,49,23,35,90,93,93,15
122,212,717,597,3,3,34,60,79,97,90,80,85,7,31
914,282,899,639,2,2,62,65,80,71,23,17,79,87,22
445,580,361,846,3,3,67,41,21,32,39,21,93,82,33
401,245,275,466,1,1,99,64,12,22,28,60,79,2,97
462,930,265,412,0,0,91,35,11,76,52,60,37,54,15
495,727,756,637,3,3,56,75,9,53,21,52,23,14,33
317,212,941,153,0,0,12,8,64,52,71,25,99,35,70
240,862,469,640,3,3,22,35,95,48,14,90,98,5,32
715,575,894,566,3,3,82,91,29,77,68,39,5,41,67
309,862,153,964,3,3,38,37,7,77,63,87,67,49,42
722,402,789,263,3,3,87,32,20,79,3,7,81,17,63
715,924,518,881,3,3,79,41,21,48,74,20,5,82,70
927,217,855,433,0,0,96,60,17,59,17,92,25,49,17
782,912,606,646,3,3,11,45,65,89,41,42,90,29,67
559,260,440,897,0,0,33,85,47,89,29,20,40,76,60
455,500,226,447,1,1,70,88,43,64,14,2,74,38,74
423,297,508,372,2,2,74,60,8,31,69,30,37,11,19
232,359,466,819,3,3,30,17,66,78,54,26,79,97,10
987,759,370,849,2,2,92,69,53,20,52,26,82,58,78
904,851,743,513,0,0,61,81,25,17,15,72,42,75,45
939,146,704,599,1,1,12,79,84,93,72,56,52,43,63
226,498,478,192,1,1,30,14,93,59,33,96,14,87,80
205,809,172,784,1,1,1,47,91,12,26,32,89,3,97
703,658,347,178,2,2,14,71,99,23,12,89,55,35,75
898,177,959,721,0,0,56,12,25,29,99,91,55,47,27
477,223,884,316,3,3,74,42,33,1,26,43,30,13,47
150,174,142,457,3,3,33,59,7,82,72,42,82,80,34
128,970,476,717,0,0,67,56,9,24,68,30,56,48,7
561,236,140,606,2,2,74,70,47,49,85,64,50,66,90
395,701,269,658,3,3,28,16,54,13,30,83,23,86,21
396,499,311,280,0,0,65,49,53,5,2,75,57,76,23
825,936,592,675,3,3,15,31,77,75,29,16,72,8,65
878,604,779,345,1,1,38,21,39,83,20,14,86,20,94
506,599,138,343,3,3,76,54,14,86,98,33,3,71,85
868,672,468,605,2,2,36,56,80,29,5,79,9,80,63
913,237,856,521,0,0,80,12,17,29,91,3,62,15,64
712,149,250,419,2,2,20,46,95,37,31,71,72,15,13
504,870,210,186,0,0,43,86,22,57,41,97,82,27,24
445,718,579,316,1,1,18,61,61,93,61,88,14,50,99
721,724,535,589,0,0,70,53,45,40,88,78,97,55,99
519,961,146,618,3,3,7,28,86,93,31,27,62,79,2
281,353,674,377,3,3,76,21,98,56,98,72,18,56,4
924,729,836,948,1,1,65,64,38,35,85,1,62,51,64
100,809,465,821,0,0,40,28,14,63,87,16,55,45,53
930,948,168,268,1,1,74,47,52,97,38,57,20,77,18
666,976,398,429,3,3,87,4,87,15,63,73,33,37,96
470,662,901,749,2,2,69,34,63,87,29,8,16,83,53
760,856,395,540,1,1,60,73,62,77,62,30,17,47,93
530,525,302,490,2,2,25,82,91,89,95,65,80,40,75
408,646,160,595,2,2,70,70,79,71,30,87,65,97,9
236,401,929,480,0,0,82,45,15,13,86,61,50,58,97
301,680,413,405,1,1,69,34,69,30,39,18,64,92,15
535,448,260,841,2,2,28,44,65,65,32,80,42,66,45
412,931,430,919,2,2,65,12,12,67,62,73,56,73,28
216,148,627,772,0,0,18,9,46,64,24,54,9,83,14
765,173,437,612,0,0,67,65,8,54,35,27,36,65,47
902,803,705,847,3,3,57,69,62,83,23,91,47,26,10
674,360,403,287,2,2,69,71,33,77,94,49,68,31,33
343,455,602,615,3,3,56,99,80,39,57,64,55,55,35
636,681,749,743,2,2,36,24,90,24,38,2,75,9,29
701,701,437,526,3,3,60,43,28,24,45,78,35,39,98
174,359,649,601,0,0,91,59,36,2,76,51,30,16,72
905,737,738,829,1,1,29,46,42,68,9,9,54,57,81
485,842,374,359,0,0,70,39,85,25,86,20,37,96,18
309,394,263,612,3,3,72,6,63,39,81,36,72,5,67
574,740,542,170,3,3,24,45,23,37,31,14,89,38,69
517,891,418,577,1,1,96,22,70,37,96,86,14,17,32
446,412,688,277,2,2,64,82,33,67,35,77,15,72,95
628,711,603,556,3,3,5,45,47,6,27,78,76,71,79
739,937,785,288,3,3,17,85,11,93,15,73,88,88,74
975,908,486,390,3,3,9,12,22,29,15,8,93,94,21
862,281,969,619,1,1,91,20,78,18,17,43,52,41,35
278,785,932,864,0,0,10,0,96,34,7,38,55,3,22
281,927,987,391,3,3,96,18,12,32,79,4,6,19,62
763,463,702,855,1,1,64,59,86,32,74,24,56,27,25
124,287,849,734,3,3,76,32,95,77,69,55,54,39,59
279,668,875,910,2,2,83,3,44,37,0,89,51,64,94
809,642,790,382,1,1,64,2,98,9,61,63,3,43,92
600,695,593,643,3,3,51,90,64,56,75,71,42,22,4
955,763,589,945,1,1,66,51,46,27,37,85,39,56,53
260,647,820,476,3,3,81,98,57,77,91,51,29,46,37
276,824,172,757,0,0,77,27,4,99,44,88,9,12,61
384,507,608,255,3,3,30,69,76,37,57,75,93,15,24
162,975,489,607,1,1,90,69,4,15,80,8,6,89,97
761,717,718,512,2,2,16,54,59,20,0,9,35,54,11
765,513,956,627,2,2,54,56,95,91,31,9,34,94,21
255,441,394,454,2,2,92,86,20,96,7,72,87,64,8
981,319,468,658,3,3,35,96,23,5,39,61,38,80,83
568,262,895,862,0,0,25,15,17,40,55,89,35,15,28
148,319,964,286,3,3,52,23,20,14,62,98,19,36,43
948,369,793,130,2,2,16,68,53,2,87,90,48,51,92
183,731,648,359,1,1,85,40,9,42,73,59,95,9,26
460,947,748,520,2,2,24,76,23,46,73,94,58,37,54
788,499,949,628,1,1,1,46,84,98,35,18,48,43,80
247,281,667,650,0,0,85,75,88,13,88,37,89,94,4
729,717,286,403,1,1,4,68,59,65,56,5,25,73,51
441,828,952,138,3,3,3,30,56,28,73,14,35,53,12
575,304,869,588,3,3,35,91,22,3,82,92,42,97,41
162,681,544,743,3,3,5,91,21,25,44,46,98,50,14
800,655,669,641,1,1,20,29,67,11,78,44,42,51,78
459,940,462,769,3,3,76,17,33,1,79,4,98,69,17
660,912,222,377,3,3,88,43,69,16,1,77,75,91,49
426,327,287,302,3,3,25,26,27,34,92,52,32,91,1
868,795,841,165,0,0,54,98,94,9,67,65,99,58,86
835,718,779,207,1,1,38,25,98,85,49,61,77,12,12
240,695,519,367,1,1,83,59,38,42,28,22,96,40,67
314,949,725,321,2,2,32,17,41,20,94,43,44,11,46
534,349,351,903,1,1,13,96,22,14,80,51,44,49,88
990,974,718,629,0,0,55,88,69,34,9,45,87,56,74
822,540,648,189,1,1,99,55,79,84,26,18,14,49,49
417,632,434,792,0,0,80,30,1,84,14,87,94,56,11
131,295,191,354,0,0,20,58,23,84,59,83,16,53,12
769,789,629,554,1,1,45,1,16,59,30,46,11,65,8
384,618,965,352,2,2,15,96,64,43,20,90,21,7,58
404,169,162,356,3,3,15,38,69,95,59,51,22,62,44
528,738,761,482,3,3,83,60,68,4,57,23,89,8,69
576,498,611,541,1,1,28,62,59,72,40,16,77,59,42
385,771,238,957,1,1,91,95,49,17,45,88,11,62,73
243,859,797,698,0,0,7,17,92,20,44,45,67,71,22
523,302,284,189,1,1,87,16,11,71,25,63,50,2,78
118,247,304,848,0,0,2,97,46,97,50,94,12,72,44
117,571,871,489,2,2,88,38,66,73,35,27,56,12,22
868,754,313,681,1,1,18,70,64,50,51,49,54,8,33
689,298,355,143,3,3,96,53,26,40,80,63,81,94,15
470,525,234,811,3,3,65,98,47,23,50,27,27,88,62
274,765,672,763,1,1,78,93,87,23,2,85,43,51,50
293,591,974,697,0,0,85,75,61,95,13,55,18,61,31
601,987,921,118,3,3,73,34,43,96,48,58,45,7,37
212,995,187,200,0,0,81,10,18,37,76,4,2,94,55
213,241,935,706,1,1,21,60,58,43,90,53,82,44,68
321,412,306,865,1,1,45,43,7,56,0,43,19,52,16
777,264,228,456,3,3,90,67,54,58,56,41,24,62,85
930,413,922,641,1,1,12,24,46,33,16,71,74,94,38
743,120,102,860,2,2,32,47,1,74,49,91,55,80,40
996,181,853,132,2,2,4,31,93,94,97,56,80,56,47
363,680,220,328,3,3,89,83,93,81,13,46,60,53,81
154,230,484,623,2,2,76,94,38,22,58,75,54,18,27
970,698,713,729,0,0,26,3,44,85,80,24,34,66,76
742,829,137,961,3,3,77,37,31,42,2,43,77,45,49
899,404,440,254,3,3,23,62,64,81,97,14,58,93,0
877,470,744,522,0,0,66,46,37,39,39,50,38,9,49
557,956,813,345,2,2,62,0,76,46,88,52,56,92,18
977,952,959,504,2,2,93,2,10,40,65,33,82,17,97
261,483,120,943,2,2,98,85,9,46,33,76,66,11,58
479,544,341,858,3,3,47,61,58,19,89,7,33,48,67
186,524,554,640,3,3,62,63,89,76,94,76,40,22,66
154,260,720,260,2,2,77,16,54,64,8,99,21,61,40
575,277,402,846,1,1,11,77,19,67,93,69,26,10,9
899,728,695,801,2,2,27,61,80,23,83,95,20,72,27
277,807,694,216,0,0,43,34,16,99,20,20,40,55,33
490,994,902,370,3,3,92,12,67,35,92,6,30,87,38
448,589,168,869,0,0,42,34,4,44,24,89,26,88,82
107,426,228,791,0,0,16,42,59,1,43,78,36,54,55
932,697,295,586,3,3,39,1,22,27,24,55,65,24,51
412,388,239,984,1,1,48,55,45,25,8,48,53,8,99
858,692,543,271,2,2,84,76,51,22,61,41,8,11,2
934,763,382,373,0,0,56,50,9,78,25,22,82,10,22
542,672,411,358,3,3,86,53,45,35,56,51,41,37,16
866,672,845,234,0,0,83,15,27,90,36,78,35,27,70
427,453,634,782,2,2,63,17,96,5,15,52,9,7,25
153,127,764,821,1,1,74,6,42,34,36,15,58,73,17
860,142,376,847,1,1,56,44,25,37,75,95,39,88,45
338,780,160,521,1,1,97,35,54,34,23,36,53,46,69
328,522,418,520,3,3,73,40,47,99,25,17,38,35,30
678,697,989,285,3,3,73,93,28,73,19,19,6,49,92
150,276,151,463,1,1,69,41,26,93,8,45,3,8,8
708,628,955,706,2,2,99,6,17,52,86,1,14,59,34
703,709,252,477,2,2,87,14,59,37,28,86,75,71,80
363,593,848,622,3,3,75,59,73,92,30,93,47,66,59
517,297,410,679,1,1,42,39,68,58,18,62,5,52,75
902,709,913,990,2,2,22,82,73,42,19,2,72,81,62
195,676,643,821,2,2,26,36,20,3,86,45,34,98,99
187,941,666,295,2,2,57,65,23,4,26,48,71,16,51
177,952,963,980,3,3,36,54,2,67,93,0,70,99,47
387,616,488,197,1,1,5,76,94,99,84,21,67,52,60
219,613,647,704,0,0,64,94,61,44,43,92,57,27,23
913,121,721,121,1,1,5,79,1,79,34,13,76,62,73
590,211,276,549,1,1,49,55,65,24,70,91,18,14,57
551,156,461,271,3,3,21,43,41,77,21,84,61,18,63
599,165,413,482,2,2,87,56,33,10,73,44,70,85,29
264,941,906,233,2,2,24,5,41,28,86,95,9,69,28
281,197,947,525,3,3,78,91,19,33,14,5,24,46,9
568,243,196,124,3,3,89,31,96,85,93,64,43,70,38
834,979,980,602,3,3,71,73,67,13,97,20,98,47,54
922,534,312,284,3,3,50,17,44,23,12,3,57,72,27
106,736,928,184,3,3,87,67,74,58,3,2,24,19,17
429,778,236,666,0,0,47,72,41,38,81,29,92,36,40
874,185,105,862,1,1,69,6,46,25,55,30,75,74,80
772,687,208,243,1,1,98,7,4,42,22,33,39,1,74
250,443,646,962,1,1,64,63,88,35,96,82,75,63,64
184,393,138,778,2,2,59,6,48,38,97,19,69,85,80
246,670,761,511,0,0,45,40,36,60,33,86,9,35,99
723,749,524,323,1,1,35,39,33,15,99,53,65,4,99
480,710,729,319,2,2,57,2,72,58,98,24,24,63,45
647,803,360,278,0,0,75,16,69,95,16,14,70,6,59
384,342,525,730,0,0,37,65,17,5,27,37,86,69,8
799,930,186,532,2,2,10,78,77,97,13,22,10,21,44
181,660,564,364,0,0,11,92,18,55,33,51,35,73,59
613,131,175,528,2,2,41,51,77,7,74,65,48,45,27
996,490,570,761,1,1,38,21,39,93,56,56,47,39,96
914,376,513,515,2,2,70,3,16,26,76,56,86,60,2
808,631,924,552,0,0,10,5,59,70,96,78,6,45,50
622,253,994,826,1,1,35,37,98,26,54,51,90,83,7
845,482,825,296,1,1,51,25,92,88,65,34,76,27,69
485,167,556,653,3,3,30,10,41,45,97,73,50,86,58
806,977,384,152,3,3,32,89,80,40,92,13,16,34,60
570,983,338,579,0,0,12,16,71,78,36,90,31,0,57
218,313,776,542,2,2,17,87,64,24,67,13,25,28,69
495,754,698,429,2,2,40,91,52,85,75,98,21,8,92
631,475,752,350,0,0,57,98,99,17,25,32,12,8,11
360,843,771,906,1,1,55,30,6,11,60,51,11,21,8
904,312,657,989,0,0,23,76,4,86,91,0,70,62,48
355,178,471,882,0,0,72,34,23,50,66,33,0,65,82
833,825,594,222,1,1,30,15,27,38,83,18,32,79,16
325,727,723,978,2,2,54,78,61,88,73,23,13,57,53
152,703,144,486,0,0,9,17,16,9,51,3,63,69,43
966,881,500,438,2,2,59,61,19,93,17,35,42,54,31
599,480,346,877,0,0,1,26,2,73,52,76,57,12,34
605,779,715,447,1,1,14,34,36,97,62,57,40,96,77
953,157,696,128,1,1,2,44,89,76,52,31,80,18,48
463,895,549,134,3,3,42,34,14,53,26,8,67,78,53
379,125,584,617,1,1,30,27,50,28,30,79,38,32,15
692,980,745,495,3,3,69,8,47,40,90,66,0,73,84
813,546,719,722,0,0,66,75,7,8,0,19,40,64,11
257,165,117,393,2,2,55,14,12,62,5,73,44,59,87
731,859,705,688,1,1,62,20,47,76,10,61,87,11,97
158,353,761,448,1,1,74,51,2,36,33,57,97,42,7
826,998,857,246,1,1,14,34,64,13,83,21,97,92,20
227,143,388,166,0,0,91,96,72,72,62,66,87,16,47
835,196,513,619,3,3,9,50,30,71,52,74,78,67,7
820,653,820,221,0,0,37,82,25,38,84,88,80,28,27
981,326,737,439,2,2,46,54,80,39,84,47,12,54,79
214,873,334,274,0,0,56,86,55,53,17,7,70,6,9
308,778,515,999,2,2,49,76,33,2,20,72,8,43,51
625,535,598,790,1,1,70,43,8,54,18,14,62,76,14
620,890,733,696,2,2,14,64,61,32,3,31,98,4,3
651,700,749,550,2,2,17,92,12,95,76,52,22,59,89
336,478,214,656,3,3,81,87,68,70,81,66,53,5,78
380,277,773,235,2,2,87,79,40,18,28,3,46,97,99
458,526,812,954,2,2,1,24,76,33,24,29,38,6,95
300,808,333,115,0,0,83,86,0,77,55,12,86,45,61
857,406,639,432,1,1,97,91,88,49,76,20,25,56,3
377,878,110,294,0,0,42,46,46,46,62,40,0,53,40
334,603,305,595,0,0,25,79,3,45,26,18,13,91,72
593,367,778,108,1,1,70,55,99,55,59,47,95,45,98
103,685,346,927,1,1,37,37,62,56,82,85,73,9,54
765,107,658,433,2,2,93,10,51,82,48,62,64,3,27
541,607,857,432,2,2,41,66,9,50,64,19,68,66,46
128,575,226,426,3,3,4,14,27,53,37,63,66,24,8
208,396,246,114,0,0,10,0,5,89,82,36,48,86,1
709,263,217,938,1,1,64,6,26,80,51,30,49,90,66
826,584,481,713,2,2,33,0,11,27,0,73,57,77,47
904,696,511,325,1,1,0,48,61,18,39,17,52,60,68
174,171,763,524,2,2,82,95,51,26,80,19,90,37,73
937,666,683,889,3,3,1,72,47,47,20,81,56,31,27
245,658,462,507,3,3,84,28,66,18,85,10,85,22,78
227,337,608,212,1,1,19,25,45,96,14,85,17,36,13
952,203,236,527,3,3,60,86,96,50,49,43,15,2,45
141,309,274,100,1,1,86,44,73,6,47,81,1,98,86
455,653,388,365,2,2,20,92,94,28,31,63,12,12,12
140,927,580,590,0,0,87,96,14,42,48,33,44,33,15
133,567,118,307,3,3,67,70,70,68,67,86,79,87,93
116,553,294,721,2,2,11,11,35,93,44,64,71,64,39
776,367,429,811,0,0,21,94,13,57,31,54,42,75,71
252,485,274,468,0,0,19,31,77,7,3,73,71,7,80
477,874,548,405,0,0,81,19,2,41,64,0,53,82,29
687,947,453,111,2,2,0,50,66,75,96,37,73,8,80
698,486,598,444,2,2,29,80,85,41,70,8,96,27,98
728,976,240,564,1,1,96,35,18,12,72,94,30,77,64
973,358,857,799,0,0,23,66,98,25,64,70,75,90,57
441,382,996,765,0,0,13,0,75,17,79,16,8,17,87
126,725,192,593,0,0,35,26,53,41,17,98,72,41,47
924,974,338,467,1,1,68,39,68,50,53,51,47,40,48
386,139,304,945,0,0,74,96,9,83,46,17,17,69,88
745,585,659,519,2,2,23,83,32,15,5,62,93,32,1
830,319,532,988,0,0,59,13,12,2,65,32,95,88,88
267,228,344,890,3,3,94,99,98,90,8,3,86,76,13
709,619,931,270,2,2,54,68,50,78,67,86,10,53,96
367,712,416,233,1,1,76,86,31,97,22,74,61,86,16
848,991,394,526,0,0,79,78,74,44,42,51,83,35,30
920,787,739,124,3,3,23,5,23,21,50,8,18,96,9
554,718,955,629,1,1,76,32,34,22,71,63,99,84,69
784,712,381,289,1,1,23,54,82,58,24,29,89,97,88
500,359,116,240,2,2,53,18,69,61,79,7,73,55,36
575,465,170,654,1,1,25,76,39,67,34,4,23,99,63
801,857,368,945,1,1,65,28,53,53,16,75,12,16,29
733,886,424,895,1,1,79,60,43,56,17,62,45,9,33
657,643,893,757,1,1,37,69,61,22,26,0,52,86,17
675,748,404,414,0,0,64,78,98,59,14,14,97,43,87
229,623,550,543,0,0,74,79,67,72,80,88,28,1,62
921,913,106,418,0,0,50,23,32,87,68,81,35,98,48
462,986,413,540,0,0,34,22,76,84,79,37,70,13,55
804,115,916,191,3,3,42,9,55,54,14,41,93,40,90
918,228,202,278,0,0,28,53,35,79,41,45,16,1,57
792,674,920,155,1,1,36,40,53,62,33,52,47,18,26
391,208,292,254,0,0,80,48,18,55,47,25,76,79,54
470,986,852,771,0,0,57,16,42,54,82,60,23,88,84
893,632,673,210,2,2,53,55,11,24,7,66,53,0,18
128,769,628,236,1,1,38,44,10,25,9,53,94,1,22
248,368,270,331,0,0,41,29,69,48,4,21,90,26,46
878,261,636,567,0,0,27,43,11,62,47,25,84,1,78
395,359,350,831,0,0,28,73,90,44,25,82,0,93,65
110,201,864,580,3,3,42,54,40,72,85,59,78,50,98
611,605,486,167,0,0,2,18,24,78,22,38,66,9,50
775,834,306,913,2,2,9,28,2,38,61,35,5,18,83
212,670,640,348,1,1,58,1,2,96,12,20,77,79,27
286,346,728,422,1,1,13,35,83,64,8,40,54,12,56
906,739,515,617,0,0,75,18,27,68,19,47,37,47,57
843,894,893,891,0,0,46,6,22,55,91,25,32,55,14
326,936,479,531,0,0,41,25,47,8,56,62,7,71,15
409,636,243,586,1,1,93,78,66,69,23,76,89,55,96
197,230,124,705,1,1,31,37,41,27,32,35,78,49,46
154,452,921,528,3,3,31,2,87,44,19,23,77,94,62
722,295,767,368,2,2,41,79,39,25,59,89,19,44,11
763,892,172,808,3,3,31,65,5,27,47,20,54,88,42
857,765,731,636,2,2,25,94,19,39,63,17,47,58,83
505,481,923,247,3,3,0,91,10,14,29,14,82,38,28
168,744,932,217,1,1,55,70,95,5,72,78,55,20,48
411,326,192,949,3,3,1,93,26,26,16,5,96,54,2
388,800,604,466,2,2,80,42,20,37,99,42,99,56,68
861,575,697,949,0,0,29,61,12,67,13,30,87,40,59
647,576,435,165,2,2,70,70,85,74,18,27,9,92,65
850,364,524,912,0,0,51,99,34,84,70,7,51,69,86
247,471,598,469,1,1,90,92,46,63,58,28,49,81,89
566,585,463,274,2,2,8,23,85,29,66,20,33,48,25
838,533,729,930,3,3,21,38,27,81,96,80,35,43,70
343,745,844,687,2,2,33,67,20,98,43,87,60,34,73
590,310,298,594,0,0,48,92,17,2,31,57,99,90,68
948,671,817,213,1,1,0,43,30,61,10,59,15,4,46
606,476,512,210,3,3,72,4,59,11,1,49,78,70,75
464,494,438,860,2,2,83,54,36,90,89,99,17,73,95
581,549,758,538,0,0,52,92,20,29,67,30,70,73,41
300,463,528,814,3,3,82,29,13,84,16,46,46,50,30
253,975,882,246,1,1,99,28,88,37,80,33,85,56,21
549,556,998,134,3,3,39,25,90,84,91,1,31,57,16
600,824,238,408,1,1,44,82,59,59,93,66,42,91,83
172,827,792,637,3,3,67,25,22,37,39,93,82,35,19
812,325,641,849,2,2,8,36,94,14,86,71,39,9,7
395,230,156,113,0,0,21,90,28,17,45,51,64,49,97
116,687,331,473,2,2,17,93,46,51,87,6,34,98,48
740,575,757,656,2,2,75,52,29,28,92,75,68,98,86
316,897,534,527,1,1,42,29,89,59,3,18,49,36,37
160,376,483,827,1,1,38,2,83,20,37,89,11,19,52
715,255,659,332,1,1,72,42,37,16,62,91,75,12,27
141,859,293,804,2,2,5,6,82,17,28,14,84,74,76
124,317,835,662,3,3,82,48,26,56,18,77,57,18,28
138,289,747,986,3,3,47,72,88,36,90,47,82,91,71
902,516,633,825,2,2,6,40,86,59,28,13,62,55,10
230,774,617,762,2,2,79,76,92,37,99,2,72,44,46
597,791,815,539,0,0,68,78,14,11,34,49,48,59,44
328,645,850,601,1,1,15,53,58,74,69,92,35,67,17
207,140,284,374,1,1,0,68,2,83,22,53,53,56,49
271,406,971,949,2,2,36,92,9,72,45,5,46,53,88
534,437,391,175,2,2,82,98,78,0,43,48,31,36,48
577,413,434,538,3,3,36,90,79,57,47,22,98,82,21
201,174,831,831,2,2,80,26,16,2,51,91,94,36,44
965,378,215,959,3,3,63,7,82,62,7,77,52,13,60
623,275,924,798,2,2,89,31,10,20,54,77,31,94,98
374,995,148,388,0,0,85,83,47,22,65,19,61,91,92
712,761,784,639,0,0,61,63,4,8,76,76,36,99,20
143,372,181,990,3,3,71,9,68,82,39,90,95,43,70
916,936,933,791,1,1,60,12,63,54,84,59,37,82,60
116,719,432,352,0,0,32,62,13,18,30,98,29,41,75
429,750,656,225,3,3,65,92,49,61,47,44,57,0,35
668,961,434,276,2,2,29,34,25,86,99,60,31,22,23
922,882,631,136,2,2,19,60,71,90,60,55,65,63,31
596,958,320,509,3,3,59,53,68,90,51,1,50,27,90
914,388,734,710,1,1,81,7,6,38,37,44,10,3,95
111,823,845,709,3,3,73,28,15,99,90,39,58,40,58
417,992,832,226,3,3,23,94,54,75,35,23,19,59,95
691,371,422,582,0,0,3,40,77,26,86,28,36,17,95
315,165,950,267,3,3,36,29,55,45,54,66,72,62,89
438,582,102,691,3,3,3,85,3,33,84,67,48,60,74
875,347,793,393,2,2,76,20,99,32,12,65,18,48,81
760,255,305,944,0,0,88,75,47,91,36,83,54,46,4
180,146,931,737,2,2,76,10,16,94,46,53,39,38,15
826,553,139,442,2,2,17,1,35,95,89,52,6,88,10
584,300,158,409,1,1,87,49,69,49,70,78,4,81,34
473,759,673,761,1,1,65,40,79,19,21,48,41,5,74
809,223,743,627,0,0,47,65,92,39,38,31,87,82,41
299,100,606,639,0,0,32,97,99,98,86,60,47,52,86
636,858,671,518,1,1,57,2,37,94,57,41,6,75,97
565,954,983,543,1,1,82,79,61,57,29,0,10,24,80
188,739,942,784,1,1,72,50,47,30,17,62,72,98,9
367,290,221,657,1,1,27,67,9,37,17,34,48,64,81
754,678,578,939,1,1,34,86,35,85,73,50,29,4,7
670,615,718,335,2,2,9,83,28,44,38,70,40,64,25
588,541,195,538,0,0,64,24,77,40,93,44,2,7,2
976,914,958,313,2,2,41,29,3,8,25,76,85,38,58
637,905,513,184,2,2,84,81,43,8,70,64,39,42,87
146,242,334,893,3,3,8,10,55,62,6,13,50,81,2
387,290,997,843,2,2,59,92,41,78,68,92,83,72,37
877,632,161,184,1,1,14,16,99,76,64,2,31,4,1
115,326,355,588,1,1,98,25,12,21,45,23,47,3,98
810,412,660,164,3,3,56,22,45,15,17,64,70,92,16
500,728,447,745,3,3,68,55,81,31,12,47,70,0,72
893,401,770,762,3,3,21,51,32,65,24,9,19,93,35
185,753,223,726,3,3,63,47,20,89,7,12,88,55,85
349,559,581,163,3,3,40,19,79,13,73,99,34,44,94
490,500,416,442,2,2,86,1,78,37,31,72,23,64,97
881,650,603,974,3,3,70,87,56,97,16,13,39,2,87
434,492,818,451,2,2,55,30,68,7,78,99,76,21,72
728,966,147,257,0,0,22,26,69,99,78,9,51,71,1
618,863,508,688,3,3,24,1,66,20,47,39,38,55,84
236,944,235,590,3,3,90,77,47,55,62,22,67,17,33
982,306,300,757,2,2,5,3,75,45,39,98,60,24,26
787,309,349,954,0,0,33,12,99,42,83,54,75,47,36
939,214,413,562,2,2,62,99,32,91,14,62,80,83,70
597,836,968,324,2,2,8,34,35,45,98,70,64,30,21
926,745,467,412,3,3,59,71,32,47,5,41,61,29,67
826,350,528,714,1,1,48,65,30,69,93,98,80,79,13
576,318,929,958,1,1,96,5,20,83,62,65,1,65,97
693,506,906,912,2,2,50,30,26,30,7,78,5,80,22
322,542,579,565,3,3,59,9,90,32,94,72,74,9,43
471,702,413,187,0,0,69,20,71,43,31,46,42,70,88
501,453,599,982,1,1,36,73,61,70,44,80,81,58,64
542,987,820,402,0,0,30,22,95,7,51,51,39,50,78
589,657,454,779,1,1,97,2,25,72,78,17,88,8,95
714,649,584,534,3,3,40,31,65,1,81,78,38,53,77
372,241,310,781,2,2,61,19,11,16,12,17,27,61,60
625,711,803,234,0,0,92,73,21,51,23,23,79,80,84
258,600,143,149,0,0,57,28,16,44,39,22,62,8,54
251,939,640,531,2,2,13,51,6,36,13,11,63,8,70
719,801,670,439,0,0,35,45,67,41,91,22,11,23,99
287,646,682,446,1,1,35,33,36,43,74,20,40,38,84
912,758,191,745,2,2,78,83,37,80,69,63,28,74,49
197,641,364,446,1,1,7,60,95,37,61,89,22,7,11
230,945,994,748,1,1,25,71,10,98,88,71,84,24,78
904,606,319,344,3,3,35,70,0,93,60,93,79,65,14
270,695,541,208,1,1,47,69,24,5,0,33,50,9,16
282,980,500,924,3,3,84,10,41,67,88,1,44,23,33
463,380,499,898,0,0,27,81,51,50,65,68,89,79,34
138,523,826,632,0,0,67,92,23,34,31,30,21,82,38
626,955,998,189,3,3,61,88,52,57,12,96,9,58,77
987,369,888,395,1,1,79,62,55,56,32,67,6,30,54
596,253,675,211,2,2,85,20,62,72,31,69,72,10,58
615,713,957,912,2,2,75,2,80,5,55,86,88,5,4
448,826,903,688,3,3,79,81,7,12,23,18,14,69,29
496,761,589,276,0,0,50,87,58,58,90,71,76,31,3
821,182,584,442,0,0,41,9,44,85,3,12,45,38,14
260,721,856,759,2,2,28,26,26,91,87,64,89,47,34
115,998,569,200,3,3,81,11,51,29,22,5,84,12,73
592,525,673,857,2,2,9,6,17,99,28,70,86,58,54
525,374,943,728,1,1,38,16,90,1,97,26,60,66,65
207,812,781,703,1,1,81,64,85,57,20,78,91,55,59
993,383,544,500,3,3,0,63,15,35,29,51,60,40,23
549,272,368,127,3,3,38,25,65,71,89,97,50,55,91
410,426,366,636,1,1,20,14,4,44,19,86,37,34,21
838,817,153,157,0,0,64,32,81,8,15,47,11,37,43
269,162,627,597,3,3,14,61,2,64,66,87,87,80,31
645,172,619,396,1,1,3,46,90,76,48,78,76,66,94
513,862,715,233,1,1,59,94,80,49,57,98,65,33,82
350,735,158,430,0,0,60,34,79,78,43,67,53,75,50
858,474,924,348,0,0,19,64,69,31,24,43,38,87,84
880,732,139,649,0,0,9,71,6,97,22,16,75,69,2
240,607,336,174,0,0,86,75,49,42,58,94,38,10,69
373,886,485,753,2,2,33,82,13,94,0,37,77,26,31
515,497,705,933,0,0,47,24,37,77,96,9,29,47,1
707,219,833,267,2,2,32,56,78,53,14,53,47,23,87
838,536,815,870,3,3,97,31,46,46,80,90,82,17,58
990,928,749,602,1,1,60,62,32,13,97,5,30,26,90
138,775,399,984,2,2,9,11,42,47,80,5,24,53,72
913,564,494,454,3,3,53,62,90,54,51,51,67,54,76
128,385,306,324,3,3,83,76,28,28,57,14,50,20,13
576,364,435,763,2,2,64,91,56,46,40,67,12,58,50
417,419,692,630,3,3,76,0,4,62,43,56,99,33,10
344,772,829,245,3,3,0,50,92,18,3,55,62,96,77
847,475,613,340,2,2,4,69,95,90,76,6,41,57,79
796,919,277,983,3,3,79,7,59,8,67,50,53,47,9
371,188,495,992,0,0,14,67,69,36,6,57,66,53,83
539,753,470,443,0,0,27,4,1,91,45,63,79,17,79
847,302,957,848,1,1,94,88,69,51,8,25,89,2,57
338,920,890,134,3,3,22,85,42,56,86,57,55,23,33
476,838,757,801,1,1,16,91,3,87,32,30,18,0,79
365,433,417,100,0,0,97,38,55,27,32,65,45,5,77
458,321,835,252,0,0,12,22,92,35,83,91,14,18,52
439,140,468,528,0,0,13,67,58,63,3,12,31,85,27
488,807,483,607,3,3,10,51,88,17,64,17,48,42,17
676,167,161,225,3,3,27,3,8,88,33,93,20,7,25
788,875,905,590,0,0,41,46,2,34,90,74,64,68,6
102,613,604,581,1,1,95,20,89,67,84,12,69,51,44
528,972,338,444,1,1,98,55,47,77,87,23,26,72,97
241,736,294,837,2,2,60,65,42,38,78,56,22,46,44
475,721,777,320,0,0,63,58,90,89,98,28,46,84,70
769,697,321,822,1,1,30,6,99,7,63,55,94,27,96
423,731,160,124,0,0,80,48,95,87,24,53,11,45,34
245,226,228,627,1,1,72,15,0,79,54,4,84,3,51
392,354,784,281,2,2,9,16,56,83,8,34,65,87,20
764,794,255,598,2,2,7,83,52,14,16,18,4,7,27
531,115,477,940,0,0,20,86,15,6,20,54,8,60,95
804,576,721,740,1,1,76,97,50,16,59,76,19,16,43
684,161,880,141,3,3,58,74,74,85,12,68,81,33,79
498,980,967,580,2,2,49,33,89,85,2,43,62,19,55
916,531,889,947,0,0,68,32,54,63,67,77,85,79,9
988,769,685,847,0,0,69,25,0,11,3,37,71,73,22
443,367,536,971,1,1,29,65,89,81,91,61,97,33,47
239,134,306,538,0,0,94,62,27,55,6,21,72,42,51
286,878,487,501,2,2,16,86,52,45,25,72,70,9,14
904,675,579,645,0,0,74,40,57,46,74,39,29,93,54
160,593,890,444,0,0,19,85,72,78,23,25,81,29,42
479,661,986,992,3,3,47,57,59,15,9,4,90,24,49
809,568,937,144,3,3,72,97,58,68,12,92,15,56,5
906,866,439,745,2,2,1,78,21,1,43,53,84,62,32
539,760,968,120,1,1,36,9,7,91,38,85,4,70,61
418,424,439,733,3,3,0,14,48,53,18,48,28,46,54
401,403,303,169,1,1,3,41,41,26,50,2,46,83,38
443,375,260,963,2,2,99,92,26,30,18,91,21,80,11
110,968,639,972,3,3,53,56,38,40,75,37,77,2,99
161,783,491,147,1,1,24,86,82,35,51,13,56,45,30
944,300,868,590,3,3,2,16,24,46,85,46,82,35,73
325,544,776,650,2,2,8,59,37,42,46,13,34,25,52
252,423,674,386,2,2,85,8,84,64,29,74,87,9,33
810,134,633,109,3,3,86,35,23,49,45,72,59,33,40
663,581,169,641,1,1,75,72,23,92,75,37,69,77,9
871,827,992,855,0,0,73,79,59,0,92,63,59,7,51
670,579,504,373,0,0,33,35,82,71,20,43,57,54,74
683,164,707,699,3,3,42,47,49,56,74,69,2,90,56
759,107,774,855,1,1,73,50,65,15,47,64,33,9,77
960,400,690,480,0,0,93,96,13,27,61,24,44,56,2
674,442,616,428,2,2,21,94,52,85,57,15,49,78,56
409,530,927,578,1,1,69,69,31,81,17,14,1,85,32
984,523,219,114,0,0,1,73,95,21,58,97,14,44,6
342,431,913,615,1,1,93,79,91,40,90,80,36,49,3
592,537,789,290,3,3,65,67,47,75,47,2,14,63,38
465,687,787,267,1,1,31,21,38,18,62,66,59,94,47
429,273,316,620,0,0,15,76,39,88,11,36,95,1,73
206,658,155,720,3,3,75,79,41,49,86,80,84,44,78
325,626,465,236,1,1,0,92,76,58,33,54,63,94,15
924,972,798,253,2,2,71,5,75,68,60,37,80,61,37
317,758,603,487,0,0,47,25,7,33,86,62,97,13,3
852,125,843,308,3,3,49,74,78,38,52,0,95,73,3
605,919,866,371,1,1,12,87,25,73,24,70,51,93,99
358,704,554,242,2,2,14,92,11,6,61,89,22,99,26
987,505,203,710,0,0,52,2,42,51,3,18,98,14,85
873,331,176,988,2,2,43,51,50,59,93,51,36,13,85
616,632,329,919,1,1,7,73,90,51,93,29,40,30,16
872,918,357,168,1,1,73,59,81,78,12,54,56,28,97
153,649,363,346,3,3,45,62,99,23,41,13,96,26,95
146,887,430,360,2,2,68,64,62,25,48,12,24,84,69
826,604,281,887,3,3,18,51,48,89,77,83,36,8,53
788,768,992,178,0,0,37,89,26,89,55,89,39,19,96
620,278,867,757,3,3,10,75,8,9,46,26,84,98,7
198,231,649,722,0,0,42,13,38,16,7,88,45,57,52
119,922,787,869,1,1,19,88,64,77,54,8,59,78,99
989,554,126,704,1,1,19,71,70,1,87,40,97,87,4
852,447,375,624,2,2,20,67,89,76,17,47,18,48,68
672,639,751,871,0,0,81,27,70,26,34,11,90,56,46
990,871,398,720,1,1,56,70,6,72,88,9,8,15,73
589,505,898,429,2,2,49,9,71,70,80,5,68,99,39
518,175,190,288,2,2,73,56,79,47,31,33,4,74,6
789,678,579,194,3,3,97,99,66,73,23,51,88,7,11
949,953,672,716,2,2,25,65,9,8,6,40,25,66,93
161,591,557,107,1,1,29,89,70,85,12,82,18,18,24
244,293,550,166,3,3,72,49,84,22,90,5,29,66,27
315,261,464,595,0,0,30,13,52,70,68,1,99,35,42
102,446,958,290,0,0,41,15,94,72,99,14,47,88,76
259,460,774,465,1,1,67,53,86,26,89,16,15,59,46
838,868,450,867,1,1,60,42,56,87,41,15,70,35,48
880,683,754,620,3,3,60,41,90,92,30,27,17,10,85
219,186,499,216,3,3,69,80,85,80,73,84,55,50,53
992,361,352,366,1,1,77,21,26,83,25,71,20,79,17
188,313,880,710,1,1,67,67,53,70,85,9,30,54,26
428,764,980,584,0,0,89,18,3,42,75,9,0,53,71
679,821,902,608,0,0,16,65,87,6,31,9,2,16,5
456,672,558,397,0,0,18,38,22,91,90,72,94,61,74
709,879,798,263,1,1,50,72,47,82,96,27,24,41,92
366,361,598,475,2,2,69,18,82,62,51,23,7,23,68
716,829,607,752,1,1,62,15,41,83,19,18,64,16,70
422,382,403,367,1,1,92,53,2,43,39,96,61,47,21
734,747,600,648,0,0,74,24,90,38,58,67,6,83,58
640,566,902,173,1,1,79,17,2,39,76,55,6,85,46
748,479,697,607,3,3,29,22,27,6,13,66,7,69,67
294,461,265,172,1,1,24,84,62,69,43,41,18,6,31
837,548,514,407,1,1,74,10,80,24,85,11,16,13,82
431,540,561,298,1,1,70,38,30,58,81,17,10,10,96
269,192,213,229,1,1,25,67,9,12,47,22,48,11,0
620,720,532,857,2,2,55,24,48,85,92,83,10,4,53
562,852,455,923,1,1,21,62,85,80,42,5,40,4,45
139,966,794,671,3,3,88,95,93,85,15,52,61,19,40
636,523,306,890,3,3,18,29,20,97,34,97,51,53,40
360,241,867,714,1,1,30,44,99,61,52,41,65,54,7
494,390,334,907,0,0,25,89,52,7,33,65,67,57,31
325,531,541,931,2,2,41,60,86,44,2,29,91,78,29
223,848,454,586,1,1,40,99,75,17,67,8,96,89,45
137,951,614,952,1,1,99,50,88,87,4,90,74,96,91
427,923,307,250,1,1,22,97,53,59,9,41,66,29,51
350,788,808,768,0,0,46,8,56,59,51,33,39,23,95
275,752,952,305,0,0,12,75,19,1,28,39,4,86,88
701,800,224,278,0,0,88,1,48,65,95,87,84,72,97
553,148,237,296,2,2,65,4,6,90,30,16,21,2,60
136,401,438,834,3,3,65,61,28,13,65,28,36,99,96
415,980,636,188,2,2,15,68,47,47,75,99,10,47,12
787,289,167,898,0,0,72,51,92,55,90,49,43,70,88
895,235,672,533,3,3,27,85,12,11,68,75,85,21,39
692,654,640,887,3,3,76,4,2,95,36,94,52,13,60
213,503,482,847,0,0,34,58,1,91,26,48,76,47,43
139,991,118,282,0,0,40,67,15,54,86,72,60,28,61
400,964,782,308,2,2,76,8,93,27,32,60,66,49,43
323,701,549,592,0,0,30,92,5,88,67,82,12,79,47
417,906,173,229,3,3,84,21,44,3,58,45,91,97,73
448,440,672,764,1,1,31,26,70,89,63,45,10,9,58
214,856,764,112,0,0,53,9,4,35,84,16,10,70,56
797,803,375,733,0,0,97,79,55,49,87,65,84,88,94
422,417,147,970,2,2,71,60,70,2,43,4,84,26,10
667,717,310,831,2,2,58,50,97,0,94,53,6,78,24
